target,predictor,raw_name,canonical_name,unit,relationship_category,mathematical_or_clinical_rationale,strict_panel_inclusion,pragmatic_panel_inclusion,strict_target_included,pragmatic_target_included,source_evidence,review_status
lvef,lvef,lvef,lvef,UNKNOWN,DIRECT_TARGET,Predictor canonical name equals the target canonical name.,False,False,False,False,SCHEMA_IDENTITY,CONFIRMED_SCHEMA_IDENTITY
lvef,fs,fs,fs,UNKNOWN,NEAR_DETERMINISTIC_CLINICAL_DERIVATIVE,LVEF is mathematically determined by paired LV volumes; fractional shortening and paired LV dimensions are strong method-dependent systolic-function derivatives/proxies.,False,False,False,False,STANDARD_LV_SYSTOLIC_FORMULAS_PENDING_CLINICAL_CITATION,PROVISIONAL_PENDING_CLINICAL_REVIEW
lvef,tr_mmhg,tr_mmhg,tr_mmhg,UNKNOWN,UNCERTAIN_REQUIRES_CLINICAL_REVIEW,No relationship has been adjudicated from authoritative raw metadata and clinical evidence.,False,False,False,False,PENDING_OPENEVIDENCE_AND_CLINICAL_REVIEW,PROVISIONAL_PENDING_CLINICAL_REVIEW
lvef,tricuspid_regurgitant_peak_velocity,tricuspid_regurgitant_peak_velocity,tricuspid_regurgitant_peak_velocity,UNKNOWN,UNCERTAIN_REQUIRES_CLINICAL_REVIEW,No relationship has been adjudicated from authoritative raw metadata and clinical evidence.,False,False,False,False,PENDING_OPENEVIDENCE_AND_CLINICAL_REVIEW,PROVISIONAL_PENDING_CLINICAL_REVIEW
lvef,left_ventricular_end_systolic_diameter,left_ventricular_end_systolic_diameter,left_ventricular_end_systolic_diameter,UNKNOWN,NEAR_DETERMINISTIC_CLINICAL_DERIVATIVE,LVEF is mathematically determined by paired LV volumes; fractional shortening and paired LV dimensions are strong method-dependent systolic-function derivatives/proxies.,False,False,False,False,STANDARD_LV_SYSTOLIC_FORMULAS_PENDING_CLINICAL_CITATION,PROVISIONAL_PENDING_CLINICAL_REVIEW
lvef,left_ventricular_end_diastolic_diameter,left_ventricular_end_diastolic_diameter,left_ventricular_end_diastolic_diameter,UNKNOWN,NEAR_DETERMINISTIC_CLINICAL_DERIVATIVE,LVEF is mathematically determined by paired LV volumes; fractional shortening and paired LV dimensions are strong method-dependent systolic-function derivatives/proxies.,False,False,False,False,STANDARD_LV_SYSTOLIC_FORMULAS_PENDING_CLINICAL_CITATION,PROVISIONAL_PENDING_CLINICAL_REVIEW
lvef,body_surface_area,body_surface_area,body_surface_area,UNKNOWN,UNCERTAIN_REQUIRES_CLINICAL_REVIEW,No relationship has been adjudicated from authoritative raw metadata and clinical evidence.,False,False,False,False,PENDING_OPENEVIDENCE_AND_CLINICAL_REVIEW,PROVISIONAL_PENDING_CLINICAL_REVIEW
lvef,height_cm,height_cm,height_cm,UNKNOWN,UNCERTAIN_REQUIRES_CLINICAL_REVIEW,No relationship has been adjudicated from authoritative raw metadata and clinical evidence.,False,False,False,False,PENDING_OPENEVIDENCE_AND_CLINICAL_REVIEW,PROVISIONAL_PENDING_CLINICAL_REVIEW
lvef,av_pk_vel,av_pk_vel,av_pk_vel,UNKNOWN,UNCERTAIN_REQUIRES_CLINICAL_REVIEW,No relationship has been adjudicated from authoritative raw metadata and clinical evidence.,False,False,False,False,PENDING_OPENEVIDENCE_AND_CLINICAL_REVIEW,PROVISIONAL_PENDING_CLINICAL_REVIEW
lvef,sept_e_prime,sept_e_prime,sept_e_prime,UNKNOWN,UNCERTAIN_REQUIRES_CLINICAL_REVIEW,No relationship has been adjudicated from authoritative raw metadata and clinical evidence.,False,False,False,False,PENDING_OPENEVIDENCE_AND_CLINICAL_REVIEW,PROVISIONAL_PENDING_CLINICAL_REVIEW
lvef,la_4ch_length,la_4ch_length,la_4ch_length,UNKNOWN,UNCERTAIN_REQUIRES_CLINICAL_REVIEW,No relationship has been adjudicated from authoritative raw metadata and clinical evidence.,False,False,False,False,PENDING_OPENEVIDENCE_AND_CLINICAL_REVIEW,PROVISIONAL_PENDING_CLINICAL_REVIEW
lvef,ra_length,ra_length,ra_length,UNKNOWN,UNCERTAIN_REQUIRES_CLINICAL_REVIEW,No relationship has been adjudicated from authoritative raw metadata and clinical evidence.,False,False,False,False,PENDING_OPENEVIDENCE_AND_CLINICAL_REVIEW,PROVISIONAL_PENDING_CLINICAL_REVIEW
lvef,la_dimen,la_dimen,la_dimen,UNKNOWN,UNCERTAIN_REQUIRES_CLINICAL_REVIEW,No relationship has been adjudicated from authoritative raw metadata and clinical evidence.,False,False,False,False,PENDING_OPENEVIDENCE_AND_CLINICAL_REVIEW,PROVISIONAL_PENDING_CLINICAL_REVIEW
lvef,sinus_diam,sinus_diam,sinus_diam,UNKNOWN,UNCERTAIN_REQUIRES_CLINICAL_REVIEW,No relationship has been adjudicated from authoritative raw metadata and clinical evidence.,False,False,False,False,PENDING_OPENEVIDENCE_AND_CLINICAL_REVIEW,PROVISIONAL_PENDING_CLINICAL_REVIEW
lvef,resting_hr,resting_hr,resting_hr,UNKNOWN,UNCERTAIN_REQUIRES_CLINICAL_REVIEW,No relationship has been adjudicated from authoritative raw metadata and clinical evidence.,False,False,False,False,PENDING_OPENEVIDENCE_AND_CLINICAL_REVIEW,PROVISIONAL_PENDING_CLINICAL_REVIEW
lvef,inf_lat_thickness,inf_lat_thickness,inf_lat_thickness,UNKNOWN,UNCERTAIN_REQUIRES_CLINICAL_REVIEW,No relationship has been adjudicated from authoritative raw metadata and clinical evidence.,False,False,False,False,PENDING_OPENEVIDENCE_AND_CLINICAL_REVIEW,PROVISIONAL_PENDING_CLINICAL_REVIEW
lvef,mv_peak_a,mv_peak_a,mv_peak_a,UNKNOWN,UNCERTAIN_REQUIRES_CLINICAL_REVIEW,No relationship has been adjudicated from authoritative raw metadata and clinical evidence.,False,False,False,False,PENDING_OPENEVIDENCE_AND_CLINICAL_REVIEW,PROVISIONAL_PENDING_CLINICAL_REVIEW
lvef,mv_peak_e,mv_peak_e,mv_peak_e,UNKNOWN,UNCERTAIN_REQUIRES_CLINICAL_REVIEW,No relationship has been adjudicated from authoritative raw metadata and clinical evidence.,False,False,False,False,PENDING_OPENEVIDENCE_AND_CLINICAL_REVIEW,PROVISIONAL_PENDING_CLINICAL_REVIEW
lvef,septal_thickness,septal_thickness,septal_thickness,UNKNOWN,UNCERTAIN_REQUIRES_CLINICAL_REVIEW,No relationship has been adjudicated from authoritative raw metadata and clinical evidence.,False,False,False,False,PENDING_OPENEVIDENCE_AND_CLINICAL_REVIEW,PROVISIONAL_PENDING_CLINICAL_REVIEW
lvef,lvot_vti,lvot_vti,lvot_vti,UNKNOWN,UNCERTAIN_REQUIRES_CLINICAL_REVIEW,No relationship has been adjudicated from authoritative raw metadata and clinical evidence.,False,False,False,False,PENDING_OPENEVIDENCE_AND_CLINICAL_REVIEW,PROVISIONAL_PENDING_CLINICAL_REVIEW
lvef,ascending_aorta_diameter,ascending_aorta_diameter,ascending_aorta_diameter,UNKNOWN,UNCERTAIN_REQUIRES_CLINICAL_REVIEW,No relationship has been adjudicated from authoritative raw metadata and clinical evidence.,False,False,False,False,PENDING_OPENEVIDENCE_AND_CLINICAL_REVIEW,PROVISIONAL_PENDING_CLINICAL_REVIEW
lvef,rv_diam,rv_diam,rv_diam,UNKNOWN,UNCERTAIN_REQUIRES_CLINICAL_REVIEW,No relationship has been adjudicated from authoritative raw metadata and clinical evidence.,False,False,False,False,PENDING_OPENEVIDENCE_AND_CLINICAL_REVIEW,PROVISIONAL_PENDING_CLINICAL_REVIEW
lvef,lvot_diam,lvot_diam,lvot_diam,UNKNOWN,UNCERTAIN_REQUIRES_CLINICAL_REVIEW,No relationship has been adjudicated from authoritative raw metadata and clinical evidence.,False,False,False,False,PENDING_OPENEVIDENCE_AND_CLINICAL_REVIEW,PROVISIONAL_PENDING_CLINICAL_REVIEW
lvef,mitral_e_velocity,mitral_e_velocity,mitral_e_velocity,UNKNOWN,UNCERTAIN_REQUIRES_CLINICAL_REVIEW,No relationship has been adjudicated from authoritative raw metadata and clinical evidence.,False,False,False,False,PENDING_OPENEVIDENCE_AND_CLINICAL_REVIEW,PROVISIONAL_PENDING_CLINICAL_REVIEW
lvef,tricuspid_annular_plane_systolic_excursion,tricuspid_annular_plane_systolic_excursion,tricuspid_annular_plane_systolic_excursion,UNKNOWN,UNCERTAIN_REQUIRES_CLINICAL_REVIEW,No relationship has been adjudicated from authoritative raw metadata and clinical evidence.,False,False,False,False,PENDING_OPENEVIDENCE_AND_CLINICAL_REVIEW,PROVISIONAL_PENDING_CLINICAL_REVIEW
lvef,arch_diam,arch_diam,arch_diam,UNKNOWN,UNCERTAIN_REQUIRES_CLINICAL_REVIEW,No relationship has been adjudicated from authoritative raw metadata and clinical evidence.,False,False,False,False,PENDING_OPENEVIDENCE_AND_CLINICAL_REVIEW,PROVISIONAL_PENDING_CLINICAL_REVIEW
lvef,resting_dbp,resting_dbp,resting_dbp,UNKNOWN,UNCERTAIN_REQUIRES_CLINICAL_REVIEW,No relationship has been adjudicated from authoritative raw metadata and clinical evidence.,False,False,False,False,PENDING_OPENEVIDENCE_AND_CLINICAL_REVIEW,PROVISIONAL_PENDING_CLINICAL_REVIEW
lvef,resting_sbp,resting_sbp,resting_sbp,UNKNOWN,UNCERTAIN_REQUIRES_CLINICAL_REVIEW,No relationship has been adjudicated from authoritative raw metadata and clinical evidence.,False,False,False,False,PENDING_OPENEVIDENCE_AND_CLINICAL_REVIEW,PROVISIONAL_PENDING_CLINICAL_REVIEW
lvef,ivc_diam,ivc_diam,ivc_diam,UNKNOWN,UNCERTAIN_REQUIRES_CLINICAL_REVIEW,No relationship has been adjudicated from authoritative raw metadata and clinical evidence.,False,False,False,False,PENDING_OPENEVIDENCE_AND_CLINICAL_REVIEW,PROVISIONAL_PENDING_CLINICAL_REVIEW
lvef,lat_e_prime,lat_e_prime,lat_e_prime,UNKNOWN,UNCERTAIN_REQUIRES_CLINICAL_REVIEW,No relationship has been adjudicated from authoritative raw metadata and clinical evidence.,False,False,False,False,PENDING_OPENEVIDENCE_AND_CLINICAL_REVIEW,PROVISIONAL_PENDING_CLINICAL_REVIEW
fs,lvef,lvef,lvef,UNKNOWN,SAME_REPORT_CORRELATE,Both fields are provisionally assigned to the lv_systolic_geometry family; exact permissibility requires clinical review.,False,True,False,False,PROVISIONAL_FAMILY_TAXONOMY,PROVISIONAL_PENDING_CLINICAL_REVIEW
fs,fs,fs,fs,UNKNOWN,DIRECT_TARGET,Predictor canonical name equals the target canonical name.,False,False,False,False,SCHEMA_IDENTITY,CONFIRMED_SCHEMA_IDENTITY
fs,tr_mmhg,tr_mmhg,tr_mmhg,UNKNOWN,UNCERTAIN_REQUIRES_CLINICAL_REVIEW,No relationship has been adjudicated from authoritative raw metadata and clinical evidence.,False,False,False,False,PENDING_OPENEVIDENCE_AND_CLINICAL_REVIEW,PROVISIONAL_PENDING_CLINICAL_REVIEW
fs,tricuspid_regurgitant_peak_velocity,tricuspid_regurgitant_peak_velocity,tricuspid_regurgitant_peak_velocity,UNKNOWN,UNCERTAIN_REQUIRES_CLINICAL_REVIEW,No relationship has been adjudicated from authoritative raw metadata and clinical evidence.,False,False,False,False,PENDING_OPENEVIDENCE_AND_CLINICAL_REVIEW,PROVISIONAL_PENDING_CLINICAL_REVIEW
fs,left_ventricular_end_systolic_diameter,left_ventricular_end_systolic_diameter,left_ventricular_end_systolic_diameter,UNKNOWN,DETERMINISTIC_DERIVATIVE,Fractional shortening uses LV end-systolic and end-diastolic diameters.,False,False,False,False,STANDARD_ECHOCARDIOGRAPHIC_FORMULA_PENDING_CLINICAL_CITATION,PROVISIONAL_PENDING_CLINICAL_REVIEW
fs,left_ventricular_end_diastolic_diameter,left_ventricular_end_diastolic_diameter,left_ventricular_end_diastolic_diameter,UNKNOWN,DETERMINISTIC_DERIVATIVE,Fractional shortening uses LV end-systolic and end-diastolic diameters.,False,False,False,False,STANDARD_ECHOCARDIOGRAPHIC_FORMULA_PENDING_CLINICAL_CITATION,PROVISIONAL_PENDING_CLINICAL_REVIEW
fs,body_surface_area,body_surface_area,body_surface_area,UNKNOWN,UNCERTAIN_REQUIRES_CLINICAL_REVIEW,No relationship has been adjudicated from authoritative raw metadata and clinical evidence.,False,False,False,False,PENDING_OPENEVIDENCE_AND_CLINICAL_REVIEW,PROVISIONAL_PENDING_CLINICAL_REVIEW
fs,height_cm,height_cm,height_cm,UNKNOWN,UNCERTAIN_REQUIRES_CLINICAL_REVIEW,No relationship has been adjudicated from authoritative raw metadata and clinical evidence.,False,False,False,False,PENDING_OPENEVIDENCE_AND_CLINICAL_REVIEW,PROVISIONAL_PENDING_CLINICAL_REVIEW
fs,av_pk_vel,av_pk_vel,av_pk_vel,UNKNOWN,UNCERTAIN_REQUIRES_CLINICAL_REVIEW,No relationship has been adjudicated from authoritative raw metadata and clinical evidence.,False,False,False,False,PENDING_OPENEVIDENCE_AND_CLINICAL_REVIEW,PROVISIONAL_PENDING_CLINICAL_REVIEW
fs,sept_e_prime,sept_e_prime,sept_e_prime,UNKNOWN,UNCERTAIN_REQUIRES_CLINICAL_REVIEW,No relationship has been adjudicated from authoritative raw metadata and clinical evidence.,False,False,False,False,PENDING_OPENEVIDENCE_AND_CLINICAL_REVIEW,PROVISIONAL_PENDING_CLINICAL_REVIEW
fs,la_4ch_length,la_4ch_length,la_4ch_length,UNKNOWN,UNCERTAIN_REQUIRES_CLINICAL_REVIEW,No relationship has been adjudicated from authoritative raw metadata and clinical evidence.,False,False,False,False,PENDING_OPENEVIDENCE_AND_CLINICAL_REVIEW,PROVISIONAL_PENDING_CLINICAL_REVIEW
fs,ra_length,ra_length,ra_length,UNKNOWN,UNCERTAIN_REQUIRES_CLINICAL_REVIEW,No relationship has been adjudicated from authoritative raw metadata and clinical evidence.,False,False,False,False,PENDING_OPENEVIDENCE_AND_CLINICAL_REVIEW,PROVISIONAL_PENDING_CLINICAL_REVIEW
fs,la_dimen,la_dimen,la_dimen,UNKNOWN,UNCERTAIN_REQUIRES_CLINICAL_REVIEW,No relationship has been adjudicated from authoritative raw metadata and clinical evidence.,False,False,False,False,PENDING_OPENEVIDENCE_AND_CLINICAL_REVIEW,PROVISIONAL_PENDING_CLINICAL_REVIEW
fs,sinus_diam,sinus_diam,sinus_diam,UNKNOWN,UNCERTAIN_REQUIRES_CLINICAL_REVIEW,No relationship has been adjudicated from authoritative raw metadata and clinical evidence.,False,False,False,False,PENDING_OPENEVIDENCE_AND_CLINICAL_REVIEW,PROVISIONAL_PENDING_CLINICAL_REVIEW
fs,resting_hr,resting_hr,resting_hr,UNKNOWN,UNCERTAIN_REQUIRES_CLINICAL_REVIEW,No relationship has been adjudicated from authoritative raw metadata and clinical evidence.,False,False,False,False,PENDING_OPENEVIDENCE_AND_CLINICAL_REVIEW,PROVISIONAL_PENDING_CLINICAL_REVIEW
fs,inf_lat_thickness,inf_lat_thickness,inf_lat_thickness,UNKNOWN,UNCERTAIN_REQUIRES_CLINICAL_REVIEW,No relationship has been adjudicated from authoritative raw metadata and clinical evidence.,False,False,False,False,PENDING_OPENEVIDENCE_AND_CLINICAL_REVIEW,PROVISIONAL_PENDING_CLINICAL_REVIEW
fs,mv_peak_a,mv_peak_a,mv_peak_a,UNKNOWN,UNCERTAIN_REQUIRES_CLINICAL_REVIEW,No relationship has been adjudicated from authoritative raw metadata and clinical evidence.,False,False,False,False,PENDING_OPENEVIDENCE_AND_CLINICAL_REVIEW,PROVISIONAL_PENDING_CLINICAL_REVIEW
fs,mv_peak_e,mv_peak_e,mv_peak_e,UNKNOWN,UNCERTAIN_REQUIRES_CLINICAL_REVIEW,No relationship has been adjudicated from authoritative raw metadata and clinical evidence.,False,False,False,False,PENDING_OPENEVIDENCE_AND_CLINICAL_REVIEW,PROVISIONAL_PENDING_CLINICAL_REVIEW
fs,septal_thickness,septal_thickness,septal_thickness,UNKNOWN,UNCERTAIN_REQUIRES_CLINICAL_REVIEW,No relationship has been adjudicated from authoritative raw metadata and clinical evidence.,False,False,False,False,PENDING_OPENEVIDENCE_AND_CLINICAL_REVIEW,PROVISIONAL_PENDING_CLINICAL_REVIEW
fs,lvot_vti,lvot_vti,lvot_vti,UNKNOWN,UNCERTAIN_REQUIRES_CLINICAL_REVIEW,No relationship has been adjudicated from authoritative raw metadata and clinical evidence.,False,False,False,False,PENDING_OPENEVIDENCE_AND_CLINICAL_REVIEW,PROVISIONAL_PENDING_CLINICAL_REVIEW
fs,ascending_aorta_diameter,ascending_aorta_diameter,ascending_aorta_diameter,UNKNOWN,UNCERTAIN_REQUIRES_CLINICAL_REVIEW,No relationship has been adjudicated from authoritative raw metadata and clinical evidence.,False,False,False,False,PENDING_OPENEVIDENCE_AND_CLINICAL_REVIEW,PROVISIONAL_PENDING_CLINICAL_REVIEW
fs,rv_diam,rv_diam,rv_diam,UNKNOWN,UNCERTAIN_REQUIRES_CLINICAL_REVIEW,No relationship has been adjudicated from authoritative raw metadata and clinical evidence.,False,False,False,False,PENDING_OPENEVIDENCE_AND_CLINICAL_REVIEW,PROVISIONAL_PENDING_CLINICAL_REVIEW
fs,lvot_diam,lvot_diam,lvot_diam,UNKNOWN,UNCERTAIN_REQUIRES_CLINICAL_REVIEW,No relationship has been adjudicated from authoritative raw metadata and clinical evidence.,False,False,False,False,PENDING_OPENEVIDENCE_AND_CLINICAL_REVIEW,PROVISIONAL_PENDING_CLINICAL_REVIEW
fs,mitral_e_velocity,mitral_e_velocity,mitral_e_velocity,UNKNOWN,UNCERTAIN_REQUIRES_CLINICAL_REVIEW,No relationship has been adjudicated from authoritative raw metadata and clinical evidence.,False,False,False,False,PENDING_OPENEVIDENCE_AND_CLINICAL_REVIEW,PROVISIONAL_PENDING_CLINICAL_REVIEW
fs,tricuspid_annular_plane_systolic_excursion,tricuspid_annular_plane_systolic_excursion,tricuspid_annular_plane_systolic_excursion,UNKNOWN,UNCERTAIN_REQUIRES_CLINICAL_REVIEW,No relationship has been adjudicated from authoritative raw metadata and clinical evidence.,False,False,False,False,PENDING_OPENEVIDENCE_AND_CLINICAL_REVIEW,PROVISIONAL_PENDING_CLINICAL_REVIEW
fs,arch_diam,arch_diam,arch_diam,UNKNOWN,UNCERTAIN_REQUIRES_CLINICAL_REVIEW,No relationship has been adjudicated from authoritative raw metadata and clinical evidence.,False,False,False,False,PENDING_OPENEVIDENCE_AND_CLINICAL_REVIEW,PROVISIONAL_PENDING_CLINICAL_REVIEW
fs,resting_dbp,resting_dbp,resting_dbp,UNKNOWN,UNCERTAIN_REQUIRES_CLINICAL_REVIEW,No relationship has been adjudicated from authoritative raw metadata and clinical evidence.,False,False,False,False,PENDING_OPENEVIDENCE_AND_CLINICAL_REVIEW,PROVISIONAL_PENDING_CLINICAL_REVIEW
fs,resting_sbp,resting_sbp,resting_sbp,UNKNOWN,UNCERTAIN_REQUIRES_CLINICAL_REVIEW,No relationship has been adjudicated from authoritative raw metadata and clinical evidence.,False,False,False,False,PENDING_OPENEVIDENCE_AND_CLINICAL_REVIEW,PROVISIONAL_PENDING_CLINICAL_REVIEW
fs,ivc_diam,ivc_diam,ivc_diam,UNKNOWN,UNCERTAIN_REQUIRES_CLINICAL_REVIEW,No relationship has been adjudicated from authoritative raw metadata and clinical evidence.,False,False,False,False,PENDING_OPENEVIDENCE_AND_CLINICAL_REVIEW,PROVISIONAL_PENDING_CLINICAL_REVIEW
fs,lat_e_prime,lat_e_prime,lat_e_prime,UNKNOWN,UNCERTAIN_REQUIRES_CLINICAL_REVIEW,No relationship has been adjudicated from authoritative raw metadata and clinical evidence.,False,False,False,False,PENDING_OPENEVIDENCE_AND_CLINICAL_REVIEW,PROVISIONAL_PENDING_CLINICAL_REVIEW
tr_mmhg,lvef,lvef,lvef,UNKNOWN,UNCERTAIN_REQUIRES_CLINICAL_REVIEW,No relationship has been adjudicated from authoritative raw metadata and clinical evidence.,False,False,False,False,PENDING_OPENEVIDENCE_AND_CLINICAL_REVIEW,PROVISIONAL_PENDING_CLINICAL_REVIEW
tr_mmhg,fs,fs,fs,UNKNOWN,UNCERTAIN_REQUIRES_CLINICAL_REVIEW,No relationship has been adjudicated from authoritative raw metadata and clinical evidence.,False,False,False,False,PENDING_OPENEVIDENCE_AND_CLINICAL_REVIEW,PROVISIONAL_PENDING_CLINICAL_REVIEW
tr_mmhg,tr_mmhg,tr_mmhg,tr_mmhg,UNKNOWN,DIRECT_TARGET,Predictor canonical name equals the target canonical name.,False,False,False,False,SCHEMA_IDENTITY,CONFIRMED_SCHEMA_IDENTITY
tr_mmhg,tricuspid_regurgitant_peak_velocity,tricuspid_regurgitant_peak_velocity,tricuspid_regurgitant_peak_velocity,UNKNOWN,DETERMINISTIC_DERIVATIVE,TR peak gradient is conventionally derived from peak TR velocity using 4v^2 after unit reconciliation.,False,False,False,False,STANDARD_ECHOCARDIOGRAPHIC_FORMULA_PENDING_CLINICAL_CITATION,PROVISIONAL_PENDING_CLINICAL_REVIEW
tr_mmhg,left_ventricular_end_systolic_diameter,left_ventricular_end_systolic_diameter,left_ventricular_end_systolic_diameter,UNKNOWN,UNCERTAIN_REQUIRES_CLINICAL_REVIEW,No relationship has been adjudicated from authoritative raw metadata and clinical evidence.,False,False,False,False,PENDING_OPENEVIDENCE_AND_CLINICAL_REVIEW,PROVISIONAL_PENDING_CLINICAL_REVIEW
tr_mmhg,left_ventricular_end_diastolic_diameter,left_ventricular_end_diastolic_diameter,left_ventricular_end_diastolic_diameter,UNKNOWN,UNCERTAIN_REQUIRES_CLINICAL_REVIEW,No relationship has been adjudicated from authoritative raw metadata and clinical evidence.,False,False,False,False,PENDING_OPENEVIDENCE_AND_CLINICAL_REVIEW,PROVISIONAL_PENDING_CLINICAL_REVIEW
tr_mmhg,body_surface_area,body_surface_area,body_surface_area,UNKNOWN,UNCERTAIN_REQUIRES_CLINICAL_REVIEW,No relationship has been adjudicated from authoritative raw metadata and clinical evidence.,False,False,False,False,PENDING_OPENEVIDENCE_AND_CLINICAL_REVIEW,PROVISIONAL_PENDING_CLINICAL_REVIEW
tr_mmhg,height_cm,height_cm,height_cm,UNKNOWN,UNCERTAIN_REQUIRES_CLINICAL_REVIEW,No relationship has been adjudicated from authoritative raw metadata and clinical evidence.,False,False,False,False,PENDING_OPENEVIDENCE_AND_CLINICAL_REVIEW,PROVISIONAL_PENDING_CLINICAL_REVIEW
tr_mmhg,av_pk_vel,av_pk_vel,av_pk_vel,UNKNOWN,UNCERTAIN_REQUIRES_CLINICAL_REVIEW,No relationship has been adjudicated from authoritative raw metadata and clinical evidence.,False,False,False,False,PENDING_OPENEVIDENCE_AND_CLINICAL_REVIEW,PROVISIONAL_PENDING_CLINICAL_REVIEW
tr_mmhg,sept_e_prime,sept_e_prime,sept_e_prime,UNKNOWN,UNCERTAIN_REQUIRES_CLINICAL_REVIEW,No relationship has been adjudicated from authoritative raw metadata and clinical evidence.,False,False,False,False,PENDING_OPENEVIDENCE_AND_CLINICAL_REVIEW,PROVISIONAL_PENDING_CLINICAL_REVIEW
tr_mmhg,la_4ch_length,la_4ch_length,la_4ch_length,UNKNOWN,UNCERTAIN_REQUIRES_CLINICAL_REVIEW,No relationship has been adjudicated from authoritative raw metadata and clinical evidence.,False,False,False,False,PENDING_OPENEVIDENCE_AND_CLINICAL_REVIEW,PROVISIONAL_PENDING_CLINICAL_REVIEW
tr_mmhg,ra_length,ra_length,ra_length,UNKNOWN,UNCERTAIN_REQUIRES_CLINICAL_REVIEW,No relationship has been adjudicated from authoritative raw metadata and clinical evidence.,False,False,False,False,PENDING_OPENEVIDENCE_AND_CLINICAL_REVIEW,PROVISIONAL_PENDING_CLINICAL_REVIEW
tr_mmhg,la_dimen,la_dimen,la_dimen,UNKNOWN,UNCERTAIN_REQUIRES_CLINICAL_REVIEW,No relationship has been adjudicated from authoritative raw metadata and clinical evidence.,False,False,False,False,PENDING_OPENEVIDENCE_AND_CLINICAL_REVIEW,PROVISIONAL_PENDING_CLINICAL_REVIEW
tr_mmhg,sinus_diam,sinus_diam,sinus_diam,UNKNOWN,UNCERTAIN_REQUIRES_CLINICAL_REVIEW,No relationship has been adjudicated from authoritative raw metadata and clinical evidence.,False,False,False,False,PENDING_OPENEVIDENCE_AND_CLINICAL_REVIEW,PROVISIONAL_PENDING_CLINICAL_REVIEW
tr_mmhg,resting_hr,resting_hr,resting_hr,UNKNOWN,UNCERTAIN_REQUIRES_CLINICAL_REVIEW,No relationship has been adjudicated from authoritative raw metadata and clinical evidence.,False,False,False,False,PENDING_OPENEVIDENCE_AND_CLINICAL_REVIEW,PROVISIONAL_PENDING_CLINICAL_REVIEW
tr_mmhg,inf_lat_thickness,inf_lat_thickness,inf_lat_thickness,UNKNOWN,UNCERTAIN_REQUIRES_CLINICAL_REVIEW,No relationship has been adjudicated from authoritative raw metadata and clinical evidence.,False,False,False,False,PENDING_OPENEVIDENCE_AND_CLINICAL_REVIEW,PROVISIONAL_PENDING_CLINICAL_REVIEW
tr_mmhg,mv_peak_a,mv_peak_a,mv_peak_a,UNKNOWN,UNCERTAIN_REQUIRES_CLINICAL_REVIEW,No relationship has been adjudicated from authoritative raw metadata and clinical evidence.,False,False,False,False,PENDING_OPENEVIDENCE_AND_CLINICAL_REVIEW,PROVISIONAL_PENDING_CLINICAL_REVIEW
tr_mmhg,mv_peak_e,mv_peak_e,mv_peak_e,UNKNOWN,UNCERTAIN_REQUIRES_CLINICAL_REVIEW,No relationship has been adjudicated from authoritative raw metadata and clinical evidence.,False,False,False,False,PENDING_OPENEVIDENCE_AND_CLINICAL_REVIEW,PROVISIONAL_PENDING_CLINICAL_REVIEW
tr_mmhg,septal_thickness,septal_thickness,septal_thickness,UNKNOWN,UNCERTAIN_REQUIRES_CLINICAL_REVIEW,No relationship has been adjudicated from authoritative raw metadata and clinical evidence.,False,False,False,False,PENDING_OPENEVIDENCE_AND_CLINICAL_REVIEW,PROVISIONAL_PENDING_CLINICAL_REVIEW
tr_mmhg,lvot_vti,lvot_vti,lvot_vti,UNKNOWN,UNCERTAIN_REQUIRES_CLINICAL_REVIEW,No relationship has been adjudicated from authoritative raw metadata and clinical evidence.,False,False,False,False,PENDING_OPENEVIDENCE_AND_CLINICAL_REVIEW,PROVISIONAL_PENDING_CLINICAL_REVIEW
tr_mmhg,ascending_aorta_diameter,ascending_aorta_diameter,ascending_aorta_diameter,UNKNOWN,UNCERTAIN_REQUIRES_CLINICAL_REVIEW,No relationship has been adjudicated from authoritative raw metadata and clinical evidence.,False,False,False,False,PENDING_OPENEVIDENCE_AND_CLINICAL_REVIEW,PROVISIONAL_PENDING_CLINICAL_REVIEW
tr_mmhg,rv_diam,rv_diam,rv_diam,UNKNOWN,UNCERTAIN_REQUIRES_CLINICAL_REVIEW,No relationship has been adjudicated from authoritative raw metadata and clinical evidence.,False,False,False,False,PENDING_OPENEVIDENCE_AND_CLINICAL_REVIEW,PROVISIONAL_PENDING_CLINICAL_REVIEW
tr_mmhg,lvot_diam,lvot_diam,lvot_diam,UNKNOWN,UNCERTAIN_REQUIRES_CLINICAL_REVIEW,No relationship has been adjudicated from authoritative raw metadata and clinical evidence.,False,False,False,False,PENDING_OPENEVIDENCE_AND_CLINICAL_REVIEW,PROVISIONAL_PENDING_CLINICAL_REVIEW
tr_mmhg,mitral_e_velocity,mitral_e_velocity,mitral_e_velocity,UNKNOWN,UNCERTAIN_REQUIRES_CLINICAL_REVIEW,No relationship has been adjudicated from authoritative raw metadata and clinical evidence.,False,False,False,False,PENDING_OPENEVIDENCE_AND_CLINICAL_REVIEW,PROVISIONAL_PENDING_CLINICAL_REVIEW
tr_mmhg,tricuspid_annular_plane_systolic_excursion,tricuspid_annular_plane_systolic_excursion,tricuspid_annular_plane_systolic_excursion,UNKNOWN,UNCERTAIN_REQUIRES_CLINICAL_REVIEW,No relationship has been adjudicated from authoritative raw metadata and clinical evidence.,False,False,False,False,PENDING_OPENEVIDENCE_AND_CLINICAL_REVIEW,PROVISIONAL_PENDING_CLINICAL_REVIEW
tr_mmhg,arch_diam,arch_diam,arch_diam,UNKNOWN,UNCERTAIN_REQUIRES_CLINICAL_REVIEW,No relationship has been adjudicated from authoritative raw metadata and clinical evidence.,False,False,False,False,PENDING_OPENEVIDENCE_AND_CLINICAL_REVIEW,PROVISIONAL_PENDING_CLINICAL_REVIEW
tr_mmhg,resting_dbp,resting_dbp,resting_dbp,UNKNOWN,UNCERTAIN_REQUIRES_CLINICAL_REVIEW,No relationship has been adjudicated from authoritative raw metadata and clinical evidence.,False,False,False,False,PENDING_OPENEVIDENCE_AND_CLINICAL_REVIEW,PROVISIONAL_PENDING_CLINICAL_REVIEW
tr_mmhg,resting_sbp,resting_sbp,resting_sbp,UNKNOWN,UNCERTAIN_REQUIRES_CLINICAL_REVIEW,No relationship has been adjudicated from authoritative raw metadata and clinical evidence.,False,False,False,False,PENDING_OPENEVIDENCE_AND_CLINICAL_REVIEW,PROVISIONAL_PENDING_CLINICAL_REVIEW
tr_mmhg,ivc_diam,ivc_diam,ivc_diam,UNKNOWN,SAME_REPORT_CORRELATE,Both fields are provisionally assigned to the tr_pulmonary_pressure family; exact permissibility requires clinical review.,False,True,False,False,PROVISIONAL_FAMILY_TAXONOMY,PROVISIONAL_PENDING_CLINICAL_REVIEW
tr_mmhg,lat_e_prime,lat_e_prime,lat_e_prime,UNKNOWN,UNCERTAIN_REQUIRES_CLINICAL_REVIEW,No relationship has been adjudicated from authoritative raw metadata and clinical evidence.,False,False,False,False,PENDING_OPENEVIDENCE_AND_CLINICAL_REVIEW,PROVISIONAL_PENDING_CLINICAL_REVIEW
tricuspid_regurgitant_peak_velocity,lvef,lvef,lvef,UNKNOWN,UNCERTAIN_REQUIRES_CLINICAL_REVIEW,No relationship has been adjudicated from authoritative raw metadata and clinical evidence.,False,False,True,True,PENDING_OPENEVIDENCE_AND_CLINICAL_REVIEW,PROVISIONAL_PENDING_CLINICAL_REVIEW
tricuspid_regurgitant_peak_velocity,fs,fs,fs,UNKNOWN,UNCERTAIN_REQUIRES_CLINICAL_REVIEW,No relationship has been adjudicated from authoritative raw metadata and clinical evidence.,False,False,True,True,PENDING_OPENEVIDENCE_AND_CLINICAL_REVIEW,PROVISIONAL_PENDING_CLINICAL_REVIEW
tricuspid_regurgitant_peak_velocity,tr_mmhg,tr_mmhg,tr_mmhg,UNKNOWN,DETERMINISTIC_DERIVATIVE,TR peak gradient is conventionally derived from peak TR velocity using 4v^2 after unit reconciliation.,False,False,True,True,STANDARD_ECHOCARDIOGRAPHIC_FORMULA_PENDING_CLINICAL_CITATION,PROVISIONAL_PENDING_CLINICAL_REVIEW
tricuspid_regurgitant_peak_velocity,tricuspid_regurgitant_peak_velocity,tricuspid_regurgitant_peak_velocity,tricuspid_regurgitant_peak_velocity,UNKNOWN,DIRECT_TARGET,Predictor canonical name equals the target canonical name.,False,False,True,True,SCHEMA_IDENTITY,CONFIRMED_SCHEMA_IDENTITY
tricuspid_regurgitant_peak_velocity,left_ventricular_end_systolic_diameter,left_ventricular_end_systolic_diameter,left_ventricular_end_systolic_diameter,UNKNOWN,UNCERTAIN_REQUIRES_CLINICAL_REVIEW,No relationship has been adjudicated from authoritative raw metadata and clinical evidence.,False,False,True,True,PENDING_OPENEVIDENCE_AND_CLINICAL_REVIEW,PROVISIONAL_PENDING_CLINICAL_REVIEW
tricuspid_regurgitant_peak_velocity,left_ventricular_end_diastolic_diameter,left_ventricular_end_diastolic_diameter,left_ventricular_end_diastolic_diameter,UNKNOWN,UNCERTAIN_REQUIRES_CLINICAL_REVIEW,No relationship has been adjudicated from authoritative raw metadata and clinical evidence.,False,False,True,True,PENDING_OPENEVIDENCE_AND_CLINICAL_REVIEW,PROVISIONAL_PENDING_CLINICAL_REVIEW
tricuspid_regurgitant_peak_velocity,body_surface_area,body_surface_area,body_surface_area,UNKNOWN,UNCERTAIN_REQUIRES_CLINICAL_REVIEW,No relationship has been adjudicated from authoritative raw metadata and clinical evidence.,False,False,True,True,PENDING_OPENEVIDENCE_AND_CLINICAL_REVIEW,PROVISIONAL_PENDING_CLINICAL_REVIEW
tricuspid_regurgitant_peak_velocity,height_cm,height_cm,height_cm,UNKNOWN,UNCERTAIN_REQUIRES_CLINICAL_REVIEW,No relationship has been adjudicated from authoritative raw metadata and clinical evidence.,False,False,True,True,PENDING_OPENEVIDENCE_AND_CLINICAL_REVIEW,PROVISIONAL_PENDING_CLINICAL_REVIEW
tricuspid_regurgitant_peak_velocity,av_pk_vel,av_pk_vel,av_pk_vel,UNKNOWN,UNCERTAIN_REQUIRES_CLINICAL_REVIEW,No relationship has been adjudicated from authoritative raw metadata and clinical evidence.,False,False,True,True,PENDING_OPENEVIDENCE_AND_CLINICAL_REVIEW,PROVISIONAL_PENDING_CLINICAL_REVIEW
tricuspid_regurgitant_peak_velocity,sept_e_prime,sept_e_prime,sept_e_prime,UNKNOWN,UNCERTAIN_REQUIRES_CLINICAL_REVIEW,No relationship has been adjudicated from authoritative raw metadata and clinical evidence.,False,False,True,True,PENDING_OPENEVIDENCE_AND_CLINICAL_REVIEW,PROVISIONAL_PENDING_CLINICAL_REVIEW
tricuspid_regurgitant_peak_velocity,la_4ch_length,la_4ch_length,la_4ch_length,UNKNOWN,UNCERTAIN_REQUIRES_CLINICAL_REVIEW,No relationship has been adjudicated from authoritative raw metadata and clinical evidence.,False,False,True,True,PENDING_OPENEVIDENCE_AND_CLINICAL_REVIEW,PROVISIONAL_PENDING_CLINICAL_REVIEW
tricuspid_regurgitant_peak_velocity,ra_length,ra_length,ra_length,UNKNOWN,UNCERTAIN_REQUIRES_CLINICAL_REVIEW,No relationship has been adjudicated from authoritative raw metadata and clinical evidence.,False,False,True,True,PENDING_OPENEVIDENCE_AND_CLINICAL_REVIEW,PROVISIONAL_PENDING_CLINICAL_REVIEW
tricuspid_regurgitant_peak_velocity,la_dimen,la_dimen,la_dimen,UNKNOWN,UNCERTAIN_REQUIRES_CLINICAL_REVIEW,No relationship has been adjudicated from authoritative raw metadata and clinical evidence.,False,False,True,True,PENDING_OPENEVIDENCE_AND_CLINICAL_REVIEW,PROVISIONAL_PENDING_CLINICAL_REVIEW
tricuspid_regurgitant_peak_velocity,sinus_diam,sinus_diam,sinus_diam,UNKNOWN,UNCERTAIN_REQUIRES_CLINICAL_REVIEW,No relationship has been adjudicated from authoritative raw metadata and clinical evidence.,False,False,True,True,PENDING_OPENEVIDENCE_AND_CLINICAL_REVIEW,PROVISIONAL_PENDING_CLINICAL_REVIEW
tricuspid_regurgitant_peak_velocity,resting_hr,resting_hr,resting_hr,UNKNOWN,UNCERTAIN_REQUIRES_CLINICAL_REVIEW,No relationship has been adjudicated from authoritative raw metadata and clinical evidence.,False,False,True,True,PENDING_OPENEVIDENCE_AND_CLINICAL_REVIEW,PROVISIONAL_PENDING_CLINICAL_REVIEW
tricuspid_regurgitant_peak_velocity,inf_lat_thickness,inf_lat_thickness,inf_lat_thickness,UNKNOWN,UNCERTAIN_REQUIRES_CLINICAL_REVIEW,No relationship has been adjudicated from authoritative raw metadata and clinical evidence.,False,False,True,True,PENDING_OPENEVIDENCE_AND_CLINICAL_REVIEW,PROVISIONAL_PENDING_CLINICAL_REVIEW
tricuspid_regurgitant_peak_velocity,mv_peak_a,mv_peak_a,mv_peak_a,UNKNOWN,UNCERTAIN_REQUIRES_CLINICAL_REVIEW,No relationship has been adjudicated from authoritative raw metadata and clinical evidence.,False,False,True,True,PENDING_OPENEVIDENCE_AND_CLINICAL_REVIEW,PROVISIONAL_PENDING_CLINICAL_REVIEW
tricuspid_regurgitant_peak_velocity,mv_peak_e,mv_peak_e,mv_peak_e,UNKNOWN,UNCERTAIN_REQUIRES_CLINICAL_REVIEW,No relationship has been adjudicated from authoritative raw metadata and clinical evidence.,False,False,True,True,PENDING_OPENEVIDENCE_AND_CLINICAL_REVIEW,PROVISIONAL_PENDING_CLINICAL_REVIEW
tricuspid_regurgitant_peak_velocity,septal_thickness,septal_thickness,septal_thickness,UNKNOWN,UNCERTAIN_REQUIRES_CLINICAL_REVIEW,No relationship has been adjudicated from authoritative raw metadata and clinical evidence.,False,False,True,True,PENDING_OPENEVIDENCE_AND_CLINICAL_REVIEW,PROVISIONAL_PENDING_CLINICAL_REVIEW
tricuspid_regurgitant_peak_velocity,lvot_vti,lvot_vti,lvot_vti,UNKNOWN,UNCERTAIN_REQUIRES_CLINICAL_REVIEW,No relationship has been adjudicated from authoritative raw metadata and clinical evidence.,False,False,True,True,PENDING_OPENEVIDENCE_AND_CLINICAL_REVIEW,PROVISIONAL_PENDING_CLINICAL_REVIEW
tricuspid_regurgitant_peak_velocity,ascending_aorta_diameter,ascending_aorta_diameter,ascending_aorta_diameter,UNKNOWN,UNCERTAIN_REQUIRES_CLINICAL_REVIEW,No relationship has been adjudicated from authoritative raw metadata and clinical evidence.,False,False,True,True,PENDING_OPENEVIDENCE_AND_CLINICAL_REVIEW,PROVISIONAL_PENDING_CLINICAL_REVIEW
tricuspid_regurgitant_peak_velocity,rv_diam,rv_diam,rv_diam,UNKNOWN,SAME_REPORT_CORRELATE,Both fields are provisionally assigned to the rv_structure_function family; exact permissibility requires clinical review.,False,True,True,True,PROVISIONAL_FAMILY_TAXONOMY,PROVISIONAL_PENDING_CLINICAL_REVIEW
tricuspid_regurgitant_peak_velocity,lvot_diam,lvot_diam,lvot_diam,UNKNOWN,UNCERTAIN_REQUIRES_CLINICAL_REVIEW,No relationship has been adjudicated from authoritative raw metadata and clinical evidence.,False,False,True,True,PENDING_OPENEVIDENCE_AND_CLINICAL_REVIEW,PROVISIONAL_PENDING_CLINICAL_REVIEW
tricuspid_regurgitant_peak_velocity,mitral_e_velocity,mitral_e_velocity,mitral_e_velocity,UNKNOWN,UNCERTAIN_REQUIRES_CLINICAL_REVIEW,No relationship has been adjudicated from authoritative raw metadata and clinical evidence.,False,False,True,True,PENDING_OPENEVIDENCE_AND_CLINICAL_REVIEW,PROVISIONAL_PENDING_CLINICAL_REVIEW
tricuspid_regurgitant_peak_velocity,tricuspid_annular_plane_systolic_excursion,tricuspid_annular_plane_systolic_excursion,tricuspid_annular_plane_systolic_excursion,UNKNOWN,SAME_REPORT_CORRELATE,Both fields are provisionally assigned to the rv_structure_function family; exact permissibility requires clinical review.,False,True,True,True,PROVISIONAL_FAMILY_TAXONOMY,PROVISIONAL_PENDING_CLINICAL_REVIEW
tricuspid_regurgitant_peak_velocity,arch_diam,arch_diam,arch_diam,UNKNOWN,UNCERTAIN_REQUIRES_CLINICAL_REVIEW,No relationship has been adjudicated from authoritative raw metadata and clinical evidence.,False,False,True,True,PENDING_OPENEVIDENCE_AND_CLINICAL_REVIEW,PROVISIONAL_PENDING_CLINICAL_REVIEW
tricuspid_regurgitant_peak_velocity,resting_dbp,resting_dbp,resting_dbp,UNKNOWN,UNCERTAIN_REQUIRES_CLINICAL_REVIEW,No relationship has been adjudicated from authoritative raw metadata and clinical evidence.,False,False,True,True,PENDING_OPENEVIDENCE_AND_CLINICAL_REVIEW,PROVISIONAL_PENDING_CLINICAL_REVIEW
tricuspid_regurgitant_peak_velocity,resting_sbp,resting_sbp,resting_sbp,UNKNOWN,UNCERTAIN_REQUIRES_CLINICAL_REVIEW,No relationship has been adjudicated from authoritative raw metadata and clinical evidence.,False,False,True,True,PENDING_OPENEVIDENCE_AND_CLINICAL_REVIEW,PROVISIONAL_PENDING_CLINICAL_REVIEW
tricuspid_regurgitant_peak_velocity,ivc_diam,ivc_diam,ivc_diam,UNKNOWN,SAME_REPORT_CORRELATE,Both fields are provisionally assigned to the tr_pulmonary_pressure family; exact permissibility requires clinical review.,False,True,True,True,PROVISIONAL_FAMILY_TAXONOMY,PROVISIONAL_PENDING_CLINICAL_REVIEW
tricuspid_regurgitant_peak_velocity,lat_e_prime,lat_e_prime,lat_e_prime,UNKNOWN,UNCERTAIN_REQUIRES_CLINICAL_REVIEW,No relationship has been adjudicated from authoritative raw metadata and clinical evidence.,False,False,True,True,PENDING_OPENEVIDENCE_AND_CLINICAL_REVIEW,PROVISIONAL_PENDING_CLINICAL_REVIEW
left_ventricular_end_systolic_diameter,lvef,lvef,lvef,UNKNOWN,SAME_REPORT_CORRELATE,Both fields are provisionally assigned to the lv_systolic_geometry family; exact permissibility requires clinical review.,False,True,True,True,PROVISIONAL_FAMILY_TAXONOMY,PROVISIONAL_PENDING_CLINICAL_REVIEW
left_ventricular_end_systolic_diameter,fs,fs,fs,UNKNOWN,DETERMINISTIC_DERIVATIVE,Fractional shortening uses LV end-systolic and end-diastolic diameters.,False,False,True,True,STANDARD_ECHOCARDIOGRAPHIC_FORMULA_PENDING_CLINICAL_CITATION,PROVISIONAL_PENDING_CLINICAL_REVIEW
left_ventricular_end_systolic_diameter,tr_mmhg,tr_mmhg,tr_mmhg,UNKNOWN,UNCERTAIN_REQUIRES_CLINICAL_REVIEW,No relationship has been adjudicated from authoritative raw metadata and clinical evidence.,False,False,True,True,PENDING_OPENEVIDENCE_AND_CLINICAL_REVIEW,PROVISIONAL_PENDING_CLINICAL_REVIEW
left_ventricular_end_systolic_diameter,tricuspid_regurgitant_peak_velocity,tricuspid_regurgitant_peak_velocity,tricuspid_regurgitant_peak_velocity,UNKNOWN,UNCERTAIN_REQUIRES_CLINICAL_REVIEW,No relationship has been adjudicated from authoritative raw metadata and clinical evidence.,False,False,True,True,PENDING_OPENEVIDENCE_AND_CLINICAL_REVIEW,PROVISIONAL_PENDING_CLINICAL_REVIEW
left_ventricular_end_systolic_diameter,left_ventricular_end_systolic_diameter,left_ventricular_end_systolic_diameter,left_ventricular_end_systolic_diameter,UNKNOWN,DIRECT_TARGET,Predictor canonical name equals the target canonical name.,False,False,True,True,SCHEMA_IDENTITY,CONFIRMED_SCHEMA_IDENTITY
left_ventricular_end_systolic_diameter,left_ventricular_end_diastolic_diameter,left_ventricular_end_diastolic_diameter,left_ventricular_end_diastolic_diameter,UNKNOWN,SAME_REPORT_CORRELATE,Both fields are provisionally assigned to the lv_systolic_geometry family; exact permissibility requires clinical review.,False,True,True,True,PROVISIONAL_FAMILY_TAXONOMY,PROVISIONAL_PENDING_CLINICAL_REVIEW
left_ventricular_end_systolic_diameter,body_surface_area,body_surface_area,body_surface_area,UNKNOWN,UNCERTAIN_REQUIRES_CLINICAL_REVIEW,No relationship has been adjudicated from authoritative raw metadata and clinical evidence.,False,False,True,True,PENDING_OPENEVIDENCE_AND_CLINICAL_REVIEW,PROVISIONAL_PENDING_CLINICAL_REVIEW
left_ventricular_end_systolic_diameter,height_cm,height_cm,height_cm,UNKNOWN,UNCERTAIN_REQUIRES_CLINICAL_REVIEW,No relationship has been adjudicated from authoritative raw metadata and clinical evidence.,False,False,True,True,PENDING_OPENEVIDENCE_AND_CLINICAL_REVIEW,PROVISIONAL_PENDING_CLINICAL_REVIEW
left_ventricular_end_systolic_diameter,av_pk_vel,av_pk_vel,av_pk_vel,UNKNOWN,UNCERTAIN_REQUIRES_CLINICAL_REVIEW,No relationship has been adjudicated from authoritative raw metadata and clinical evidence.,False,False,True,True,PENDING_OPENEVIDENCE_AND_CLINICAL_REVIEW,PROVISIONAL_PENDING_CLINICAL_REVIEW
left_ventricular_end_systolic_diameter,sept_e_prime,sept_e_prime,sept_e_prime,UNKNOWN,UNCERTAIN_REQUIRES_CLINICAL_REVIEW,No relationship has been adjudicated from authoritative raw metadata and clinical evidence.,False,False,True,True,PENDING_OPENEVIDENCE_AND_CLINICAL_REVIEW,PROVISIONAL_PENDING_CLINICAL_REVIEW
left_ventricular_end_systolic_diameter,la_4ch_length,la_4ch_length,la_4ch_length,UNKNOWN,UNCERTAIN_REQUIRES_CLINICAL_REVIEW,No relationship has been adjudicated from authoritative raw metadata and clinical evidence.,False,False,True,True,PENDING_OPENEVIDENCE_AND_CLINICAL_REVIEW,PROVISIONAL_PENDING_CLINICAL_REVIEW
left_ventricular_end_systolic_diameter,ra_length,ra_length,ra_length,UNKNOWN,UNCERTAIN_REQUIRES_CLINICAL_REVIEW,No relationship has been adjudicated from authoritative raw metadata and clinical evidence.,False,False,True,True,PENDING_OPENEVIDENCE_AND_CLINICAL_REVIEW,PROVISIONAL_PENDING_CLINICAL_REVIEW
left_ventricular_end_systolic_diameter,la_dimen,la_dimen,la_dimen,UNKNOWN,UNCERTAIN_REQUIRES_CLINICAL_REVIEW,No relationship has been adjudicated from authoritative raw metadata and clinical evidence.,False,False,True,True,PENDING_OPENEVIDENCE_AND_CLINICAL_REVIEW,PROVISIONAL_PENDING_CLINICAL_REVIEW
left_ventricular_end_systolic_diameter,sinus_diam,sinus_diam,sinus_diam,UNKNOWN,UNCERTAIN_REQUIRES_CLINICAL_REVIEW,No relationship has been adjudicated from authoritative raw metadata and clinical evidence.,False,False,True,True,PENDING_OPENEVIDENCE_AND_CLINICAL_REVIEW,PROVISIONAL_PENDING_CLINICAL_REVIEW
left_ventricular_end_systolic_diameter,resting_hr,resting_hr,resting_hr,UNKNOWN,UNCERTAIN_REQUIRES_CLINICAL_REVIEW,No relationship has been adjudicated from authoritative raw metadata and clinical evidence.,False,False,True,True,PENDING_OPENEVIDENCE_AND_CLINICAL_REVIEW,PROVISIONAL_PENDING_CLINICAL_REVIEW
left_ventricular_end_systolic_diameter,inf_lat_thickness,inf_lat_thickness,inf_lat_thickness,UNKNOWN,UNCERTAIN_REQUIRES_CLINICAL_REVIEW,No relationship has been adjudicated from authoritative raw metadata and clinical evidence.,False,False,True,True,PENDING_OPENEVIDENCE_AND_CLINICAL_REVIEW,PROVISIONAL_PENDING_CLINICAL_REVIEW
left_ventricular_end_systolic_diameter,mv_peak_a,mv_peak_a,mv_peak_a,UNKNOWN,UNCERTAIN_REQUIRES_CLINICAL_REVIEW,No relationship has been adjudicated from authoritative raw metadata and clinical evidence.,False,False,True,True,PENDING_OPENEVIDENCE_AND_CLINICAL_REVIEW,PROVISIONAL_PENDING_CLINICAL_REVIEW
left_ventricular_end_systolic_diameter,mv_peak_e,mv_peak_e,mv_peak_e,UNKNOWN,UNCERTAIN_REQUIRES_CLINICAL_REVIEW,No relationship has been adjudicated from authoritative raw metadata and clinical evidence.,False,False,True,True,PENDING_OPENEVIDENCE_AND_CLINICAL_REVIEW,PROVISIONAL_PENDING_CLINICAL_REVIEW
left_ventricular_end_systolic_diameter,septal_thickness,septal_thickness,septal_thickness,UNKNOWN,UNCERTAIN_REQUIRES_CLINICAL_REVIEW,No relationship has been adjudicated from authoritative raw metadata and clinical evidence.,False,False,True,True,PENDING_OPENEVIDENCE_AND_CLINICAL_REVIEW,PROVISIONAL_PENDING_CLINICAL_REVIEW
left_ventricular_end_systolic_diameter,lvot_vti,lvot_vti,lvot_vti,UNKNOWN,UNCERTAIN_REQUIRES_CLINICAL_REVIEW,No relationship has been adjudicated from authoritative raw metadata and clinical evidence.,False,False,True,True,PENDING_OPENEVIDENCE_AND_CLINICAL_REVIEW,PROVISIONAL_PENDING_CLINICAL_REVIEW
left_ventricular_end_systolic_diameter,ascending_aorta_diameter,ascending_aorta_diameter,ascending_aorta_diameter,UNKNOWN,UNCERTAIN_REQUIRES_CLINICAL_REVIEW,No relationship has been adjudicated from authoritative raw metadata and clinical evidence.,False,False,True,True,PENDING_OPENEVIDENCE_AND_CLINICAL_REVIEW,PROVISIONAL_PENDING_CLINICAL_REVIEW
left_ventricular_end_systolic_diameter,rv_diam,rv_diam,rv_diam,UNKNOWN,UNCERTAIN_REQUIRES_CLINICAL_REVIEW,No relationship has been adjudicated from authoritative raw metadata and clinical evidence.,False,False,True,True,PENDING_OPENEVIDENCE_AND_CLINICAL_REVIEW,PROVISIONAL_PENDING_CLINICAL_REVIEW
left_ventricular_end_systolic_diameter,lvot_diam,lvot_diam,lvot_diam,UNKNOWN,UNCERTAIN_REQUIRES_CLINICAL_REVIEW,No relationship has been adjudicated from authoritative raw metadata and clinical evidence.,False,False,True,True,PENDING_OPENEVIDENCE_AND_CLINICAL_REVIEW,PROVISIONAL_PENDING_CLINICAL_REVIEW
left_ventricular_end_systolic_diameter,mitral_e_velocity,mitral_e_velocity,mitral_e_velocity,UNKNOWN,UNCERTAIN_REQUIRES_CLINICAL_REVIEW,No relationship has been adjudicated from authoritative raw metadata and clinical evidence.,False,False,True,True,PENDING_OPENEVIDENCE_AND_CLINICAL_REVIEW,PROVISIONAL_PENDING_CLINICAL_REVIEW
left_ventricular_end_systolic_diameter,tricuspid_annular_plane_systolic_excursion,tricuspid_annular_plane_systolic_excursion,tricuspid_annular_plane_systolic_excursion,UNKNOWN,UNCERTAIN_REQUIRES_CLINICAL_REVIEW,No relationship has been adjudicated from authoritative raw metadata and clinical evidence.,False,False,True,True,PENDING_OPENEVIDENCE_AND_CLINICAL_REVIEW,PROVISIONAL_PENDING_CLINICAL_REVIEW
left_ventricular_end_systolic_diameter,arch_diam,arch_diam,arch_diam,UNKNOWN,UNCERTAIN_REQUIRES_CLINICAL_REVIEW,No relationship has been adjudicated from authoritative raw metadata and clinical evidence.,False,False,True,True,PENDING_OPENEVIDENCE_AND_CLINICAL_REVIEW,PROVISIONAL_PENDING_CLINICAL_REVIEW
left_ventricular_end_systolic_diameter,resting_dbp,resting_dbp,resting_dbp,UNKNOWN,UNCERTAIN_REQUIRES_CLINICAL_REVIEW,No relationship has been adjudicated from authoritative raw metadata and clinical evidence.,False,False,True,True,PENDING_OPENEVIDENCE_AND_CLINICAL_REVIEW,PROVISIONAL_PENDING_CLINICAL_REVIEW
left_ventricular_end_systolic_diameter,resting_sbp,resting_sbp,resting_sbp,UNKNOWN,UNCERTAIN_REQUIRES_CLINICAL_REVIEW,No relationship has been adjudicated from authoritative raw metadata and clinical evidence.,False,False,True,True,PENDING_OPENEVIDENCE_AND_CLINICAL_REVIEW,PROVISIONAL_PENDING_CLINICAL_REVIEW
left_ventricular_end_systolic_diameter,ivc_diam,ivc_diam,ivc_diam,UNKNOWN,UNCERTAIN_REQUIRES_CLINICAL_REVIEW,No relationship has been adjudicated from authoritative raw metadata and clinical evidence.,False,False,True,True,PENDING_OPENEVIDENCE_AND_CLINICAL_REVIEW,PROVISIONAL_PENDING_CLINICAL_REVIEW
left_ventricular_end_systolic_diameter,lat_e_prime,lat_e_prime,lat_e_prime,UNKNOWN,UNCERTAIN_REQUIRES_CLINICAL_REVIEW,No relationship has been adjudicated from authoritative raw metadata and clinical evidence.,False,False,True,True,PENDING_OPENEVIDENCE_AND_CLINICAL_REVIEW,PROVISIONAL_PENDING_CLINICAL_REVIEW
left_ventricular_end_diastolic_diameter,lvef,lvef,lvef,UNKNOWN,SAME_REPORT_CORRELATE,Both fields are provisionally assigned to the lv_systolic_geometry family; exact permissibility requires clinical review.,False,True,True,True,PROVISIONAL_FAMILY_TAXONOMY,PROVISIONAL_PENDING_CLINICAL_REVIEW
left_ventricular_end_diastolic_diameter,fs,fs,fs,UNKNOWN,DETERMINISTIC_DERIVATIVE,Fractional shortening uses LV end-systolic and end-diastolic diameters.,False,False,True,True,STANDARD_ECHOCARDIOGRAPHIC_FORMULA_PENDING_CLINICAL_CITATION,PROVISIONAL_PENDING_CLINICAL_REVIEW
left_ventricular_end_diastolic_diameter,tr_mmhg,tr_mmhg,tr_mmhg,UNKNOWN,UNCERTAIN_REQUIRES_CLINICAL_REVIEW,No relationship has been adjudicated from authoritative raw metadata and clinical evidence.,False,False,True,True,PENDING_OPENEVIDENCE_AND_CLINICAL_REVIEW,PROVISIONAL_PENDING_CLINICAL_REVIEW
left_ventricular_end_diastolic_diameter,tricuspid_regurgitant_peak_velocity,tricuspid_regurgitant_peak_velocity,tricuspid_regurgitant_peak_velocity,UNKNOWN,UNCERTAIN_REQUIRES_CLINICAL_REVIEW,No relationship has been adjudicated from authoritative raw metadata and clinical evidence.,False,False,True,True,PENDING_OPENEVIDENCE_AND_CLINICAL_REVIEW,PROVISIONAL_PENDING_CLINICAL_REVIEW
left_ventricular_end_diastolic_diameter,left_ventricular_end_systolic_diameter,left_ventricular_end_systolic_diameter,left_ventricular_end_systolic_diameter,UNKNOWN,SAME_REPORT_CORRELATE,Both fields are provisionally assigned to the lv_systolic_geometry family; exact permissibility requires clinical review.,False,True,True,True,PROVISIONAL_FAMILY_TAXONOMY,PROVISIONAL_PENDING_CLINICAL_REVIEW
left_ventricular_end_diastolic_diameter,left_ventricular_end_diastolic_diameter,left_ventricular_end_diastolic_diameter,left_ventricular_end_diastolic_diameter,UNKNOWN,DIRECT_TARGET,Predictor canonical name equals the target canonical name.,False,False,True,True,SCHEMA_IDENTITY,CONFIRMED_SCHEMA_IDENTITY
left_ventricular_end_diastolic_diameter,body_surface_area,body_surface_area,body_surface_area,UNKNOWN,UNCERTAIN_REQUIRES_CLINICAL_REVIEW,No relationship has been adjudicated from authoritative raw metadata and clinical evidence.,False,False,True,True,PENDING_OPENEVIDENCE_AND_CLINICAL_REVIEW,PROVISIONAL_PENDING_CLINICAL_REVIEW
left_ventricular_end_diastolic_diameter,height_cm,height_cm,height_cm,UNKNOWN,UNCERTAIN_REQUIRES_CLINICAL_REVIEW,No relationship has been adjudicated from authoritative raw metadata and clinical evidence.,False,False,True,True,PENDING_OPENEVIDENCE_AND_CLINICAL_REVIEW,PROVISIONAL_PENDING_CLINICAL_REVIEW
left_ventricular_end_diastolic_diameter,av_pk_vel,av_pk_vel,av_pk_vel,UNKNOWN,UNCERTAIN_REQUIRES_CLINICAL_REVIEW,No relationship has been adjudicated from authoritative raw metadata and clinical evidence.,False,False,True,True,PENDING_OPENEVIDENCE_AND_CLINICAL_REVIEW,PROVISIONAL_PENDING_CLINICAL_REVIEW
left_ventricular_end_diastolic_diameter,sept_e_prime,sept_e_prime,sept_e_prime,UNKNOWN,UNCERTAIN_REQUIRES_CLINICAL_REVIEW,No relationship has been adjudicated from authoritative raw metadata and clinical evidence.,False,False,True,True,PENDING_OPENEVIDENCE_AND_CLINICAL_REVIEW,PROVISIONAL_PENDING_CLINICAL_REVIEW
left_ventricular_end_diastolic_diameter,la_4ch_length,la_4ch_length,la_4ch_length,UNKNOWN,UNCERTAIN_REQUIRES_CLINICAL_REVIEW,No relationship has been adjudicated from authoritative raw metadata and clinical evidence.,False,False,True,True,PENDING_OPENEVIDENCE_AND_CLINICAL_REVIEW,PROVISIONAL_PENDING_CLINICAL_REVIEW
left_ventricular_end_diastolic_diameter,ra_length,ra_length,ra_length,UNKNOWN,UNCERTAIN_REQUIRES_CLINICAL_REVIEW,No relationship has been adjudicated from authoritative raw metadata and clinical evidence.,False,False,True,True,PENDING_OPENEVIDENCE_AND_CLINICAL_REVIEW,PROVISIONAL_PENDING_CLINICAL_REVIEW
left_ventricular_end_diastolic_diameter,la_dimen,la_dimen,la_dimen,UNKNOWN,UNCERTAIN_REQUIRES_CLINICAL_REVIEW,No relationship has been adjudicated from authoritative raw metadata and clinical evidence.,False,False,True,True,PENDING_OPENEVIDENCE_AND_CLINICAL_REVIEW,PROVISIONAL_PENDING_CLINICAL_REVIEW
left_ventricular_end_diastolic_diameter,sinus_diam,sinus_diam,sinus_diam,UNKNOWN,UNCERTAIN_REQUIRES_CLINICAL_REVIEW,No relationship has been adjudicated from authoritative raw metadata and clinical evidence.,False,False,True,True,PENDING_OPENEVIDENCE_AND_CLINICAL_REVIEW,PROVISIONAL_PENDING_CLINICAL_REVIEW
left_ventricular_end_diastolic_diameter,resting_hr,resting_hr,resting_hr,UNKNOWN,UNCERTAIN_REQUIRES_CLINICAL_REVIEW,No relationship has been adjudicated from authoritative raw metadata and clinical evidence.,False,False,True,True,PENDING_OPENEVIDENCE_AND_CLINICAL_REVIEW,PROVISIONAL_PENDING_CLINICAL_REVIEW
left_ventricular_end_diastolic_diameter,inf_lat_thickness,inf_lat_thickness,inf_lat_thickness,UNKNOWN,NEAR_DETERMINISTIC_CLINICAL_DERIVATIVE,Posterior/inferolateral thickness and LV diastolic diameter contribute to LV mass formulas.,False,False,True,True,STANDARD_CLINICAL_FORMULA_PENDING_CLINICAL_CITATION,PROVISIONAL_PENDING_CLINICAL_REVIEW
left_ventricular_end_diastolic_diameter,mv_peak_a,mv_peak_a,mv_peak_a,UNKNOWN,UNCERTAIN_REQUIRES_CLINICAL_REVIEW,No relationship has been adjudicated from authoritative raw metadata and clinical evidence.,False,False,True,True,PENDING_OPENEVIDENCE_AND_CLINICAL_REVIEW,PROVISIONAL_PENDING_CLINICAL_REVIEW
left_ventricular_end_diastolic_diameter,mv_peak_e,mv_peak_e,mv_peak_e,UNKNOWN,UNCERTAIN_REQUIRES_CLINICAL_REVIEW,No relationship has been adjudicated from authoritative raw metadata and clinical evidence.,False,False,True,True,PENDING_OPENEVIDENCE_AND_CLINICAL_REVIEW,PROVISIONAL_PENDING_CLINICAL_REVIEW
left_ventricular_end_diastolic_diameter,septal_thickness,septal_thickness,septal_thickness,UNKNOWN,NEAR_DETERMINISTIC_CLINICAL_DERIVATIVE,Septal thickness and LV diastolic diameter contribute to LV mass formulas.,False,False,True,True,STANDARD_CLINICAL_FORMULA_PENDING_CLINICAL_CITATION,PROVISIONAL_PENDING_CLINICAL_REVIEW
left_ventricular_end_diastolic_diameter,lvot_vti,lvot_vti,lvot_vti,UNKNOWN,UNCERTAIN_REQUIRES_CLINICAL_REVIEW,No relationship has been adjudicated from authoritative raw metadata and clinical evidence.,False,False,True,True,PENDING_OPENEVIDENCE_AND_CLINICAL_REVIEW,PROVISIONAL_PENDING_CLINICAL_REVIEW
left_ventricular_end_diastolic_diameter,ascending_aorta_diameter,ascending_aorta_diameter,ascending_aorta_diameter,UNKNOWN,UNCERTAIN_REQUIRES_CLINICAL_REVIEW,No relationship has been adjudicated from authoritative raw metadata and clinical evidence.,False,False,True,True,PENDING_OPENEVIDENCE_AND_CLINICAL_REVIEW,PROVISIONAL_PENDING_CLINICAL_REVIEW
left_ventricular_end_diastolic_diameter,rv_diam,rv_diam,rv_diam,UNKNOWN,UNCERTAIN_REQUIRES_CLINICAL_REVIEW,No relationship has been adjudicated from authoritative raw metadata and clinical evidence.,False,False,True,True,PENDING_OPENEVIDENCE_AND_CLINICAL_REVIEW,PROVISIONAL_PENDING_CLINICAL_REVIEW
left_ventricular_end_diastolic_diameter,lvot_diam,lvot_diam,lvot_diam,UNKNOWN,UNCERTAIN_REQUIRES_CLINICAL_REVIEW,No relationship has been adjudicated from authoritative raw metadata and clinical evidence.,False,False,True,True,PENDING_OPENEVIDENCE_AND_CLINICAL_REVIEW,PROVISIONAL_PENDING_CLINICAL_REVIEW
left_ventricular_end_diastolic_diameter,mitral_e_velocity,mitral_e_velocity,mitral_e_velocity,UNKNOWN,UNCERTAIN_REQUIRES_CLINICAL_REVIEW,No relationship has been adjudicated from authoritative raw metadata and clinical evidence.,False,False,True,True,PENDING_OPENEVIDENCE_AND_CLINICAL_REVIEW,PROVISIONAL_PENDING_CLINICAL_REVIEW
left_ventricular_end_diastolic_diameter,tricuspid_annular_plane_systolic_excursion,tricuspid_annular_plane_systolic_excursion,tricuspid_annular_plane_systolic_excursion,UNKNOWN,UNCERTAIN_REQUIRES_CLINICAL_REVIEW,No relationship has been adjudicated from authoritative raw metadata and clinical evidence.,False,False,True,True,PENDING_OPENEVIDENCE_AND_CLINICAL_REVIEW,PROVISIONAL_PENDING_CLINICAL_REVIEW
left_ventricular_end_diastolic_diameter,arch_diam,arch_diam,arch_diam,UNKNOWN,UNCERTAIN_REQUIRES_CLINICAL_REVIEW,No relationship has been adjudicated from authoritative raw metadata and clinical evidence.,False,False,True,True,PENDING_OPENEVIDENCE_AND_CLINICAL_REVIEW,PROVISIONAL_PENDING_CLINICAL_REVIEW
left_ventricular_end_diastolic_diameter,resting_dbp,resting_dbp,resting_dbp,UNKNOWN,UNCERTAIN_REQUIRES_CLINICAL_REVIEW,No relationship has been adjudicated from authoritative raw metadata and clinical evidence.,False,False,True,True,PENDING_OPENEVIDENCE_AND_CLINICAL_REVIEW,PROVISIONAL_PENDING_CLINICAL_REVIEW
left_ventricular_end_diastolic_diameter,resting_sbp,resting_sbp,resting_sbp,UNKNOWN,UNCERTAIN_REQUIRES_CLINICAL_REVIEW,No relationship has been adjudicated from authoritative raw metadata and clinical evidence.,False,False,True,True,PENDING_OPENEVIDENCE_AND_CLINICAL_REVIEW,PROVISIONAL_PENDING_CLINICAL_REVIEW
left_ventricular_end_diastolic_diameter,ivc_diam,ivc_diam,ivc_diam,UNKNOWN,UNCERTAIN_REQUIRES_CLINICAL_REVIEW,No relationship has been adjudicated from authoritative raw metadata and clinical evidence.,False,False,True,True,PENDING_OPENEVIDENCE_AND_CLINICAL_REVIEW,PROVISIONAL_PENDING_CLINICAL_REVIEW
left_ventricular_end_diastolic_diameter,lat_e_prime,lat_e_prime,lat_e_prime,UNKNOWN,UNCERTAIN_REQUIRES_CLINICAL_REVIEW,No relationship has been adjudicated from authoritative raw metadata and clinical evidence.,False,False,True,True,PENDING_OPENEVIDENCE_AND_CLINICAL_REVIEW,PROVISIONAL_PENDING_CLINICAL_REVIEW
body_surface_area,lvef,lvef,lvef,UNKNOWN,UNCERTAIN_REQUIRES_CLINICAL_REVIEW,No relationship has been adjudicated from authoritative raw metadata and clinical evidence.,False,False,False,True,PENDING_OPENEVIDENCE_AND_CLINICAL_REVIEW,PROVISIONAL_PENDING_CLINICAL_REVIEW
body_surface_area,fs,fs,fs,UNKNOWN,UNCERTAIN_REQUIRES_CLINICAL_REVIEW,No relationship has been adjudicated from authoritative raw metadata and clinical evidence.,False,False,False,True,PENDING_OPENEVIDENCE_AND_CLINICAL_REVIEW,PROVISIONAL_PENDING_CLINICAL_REVIEW
body_surface_area,tr_mmhg,tr_mmhg,tr_mmhg,UNKNOWN,UNCERTAIN_REQUIRES_CLINICAL_REVIEW,No relationship has been adjudicated from authoritative raw metadata and clinical evidence.,False,False,False,True,PENDING_OPENEVIDENCE_AND_CLINICAL_REVIEW,PROVISIONAL_PENDING_CLINICAL_REVIEW
body_surface_area,tricuspid_regurgitant_peak_velocity,tricuspid_regurgitant_peak_velocity,tricuspid_regurgitant_peak_velocity,UNKNOWN,UNCERTAIN_REQUIRES_CLINICAL_REVIEW,No relationship has been adjudicated from authoritative raw metadata and clinical evidence.,False,False,False,True,PENDING_OPENEVIDENCE_AND_CLINICAL_REVIEW,PROVISIONAL_PENDING_CLINICAL_REVIEW
body_surface_area,left_ventricular_end_systolic_diameter,left_ventricular_end_systolic_diameter,left_ventricular_end_systolic_diameter,UNKNOWN,UNCERTAIN_REQUIRES_CLINICAL_REVIEW,No relationship has been adjudicated from authoritative raw metadata and clinical evidence.,False,False,False,True,PENDING_OPENEVIDENCE_AND_CLINICAL_REVIEW,PROVISIONAL_PENDING_CLINICAL_REVIEW
body_surface_area,left_ventricular_end_diastolic_diameter,left_ventricular_end_diastolic_diameter,left_ventricular_end_diastolic_diameter,UNKNOWN,UNCERTAIN_REQUIRES_CLINICAL_REVIEW,No relationship has been adjudicated from authoritative raw metadata and clinical evidence.,False,False,False,True,PENDING_OPENEVIDENCE_AND_CLINICAL_REVIEW,PROVISIONAL_PENDING_CLINICAL_REVIEW
body_surface_area,body_surface_area,body_surface_area,body_surface_area,UNKNOWN,DIRECT_TARGET,Predictor canonical name equals the target canonical name.,False,False,False,True,SCHEMA_IDENTITY,CONFIRMED_SCHEMA_IDENTITY
body_surface_area,height_cm,height_cm,height_cm,UNKNOWN,NEAR_DETERMINISTIC_CLINICAL_DERIVATIVE,Height is an input to standard BSA formulas; weight is also required.,False,False,False,True,STANDARD_CLINICAL_FORMULA_PENDING_CLINICAL_CITATION,PROVISIONAL_PENDING_CLINICAL_REVIEW
body_surface_area,av_pk_vel,av_pk_vel,av_pk_vel,UNKNOWN,UNCERTAIN_REQUIRES_CLINICAL_REVIEW,No relationship has been adjudicated from authoritative raw metadata and clinical evidence.,False,False,False,True,PENDING_OPENEVIDENCE_AND_CLINICAL_REVIEW,PROVISIONAL_PENDING_CLINICAL_REVIEW
body_surface_area,sept_e_prime,sept_e_prime,sept_e_prime,UNKNOWN,UNCERTAIN_REQUIRES_CLINICAL_REVIEW,No relationship has been adjudicated from authoritative raw metadata and clinical evidence.,False,False,False,True,PENDING_OPENEVIDENCE_AND_CLINICAL_REVIEW,PROVISIONAL_PENDING_CLINICAL_REVIEW
body_surface_area,la_4ch_length,la_4ch_length,la_4ch_length,UNKNOWN,UNCERTAIN_REQUIRES_CLINICAL_REVIEW,No relationship has been adjudicated from authoritative raw metadata and clinical evidence.,False,False,False,True,PENDING_OPENEVIDENCE_AND_CLINICAL_REVIEW,PROVISIONAL_PENDING_CLINICAL_REVIEW
body_surface_area,ra_length,ra_length,ra_length,UNKNOWN,UNCERTAIN_REQUIRES_CLINICAL_REVIEW,No relationship has been adjudicated from authoritative raw metadata and clinical evidence.,False,False,False,True,PENDING_OPENEVIDENCE_AND_CLINICAL_REVIEW,PROVISIONAL_PENDING_CLINICAL_REVIEW
body_surface_area,la_dimen,la_dimen,la_dimen,UNKNOWN,UNCERTAIN_REQUIRES_CLINICAL_REVIEW,No relationship has been adjudicated from authoritative raw metadata and clinical evidence.,False,False,False,True,PENDING_OPENEVIDENCE_AND_CLINICAL_REVIEW,PROVISIONAL_PENDING_CLINICAL_REVIEW
body_surface_area,sinus_diam,sinus_diam,sinus_diam,UNKNOWN,UNCERTAIN_REQUIRES_CLINICAL_REVIEW,No relationship has been adjudicated from authoritative raw metadata and clinical evidence.,False,False,False,True,PENDING_OPENEVIDENCE_AND_CLINICAL_REVIEW,PROVISIONAL_PENDING_CLINICAL_REVIEW
body_surface_area,resting_hr,resting_hr,resting_hr,UNKNOWN,SAME_REPORT_CORRELATE,Both fields are provisionally assigned to the hemodynamic_context family; exact permissibility requires clinical review.,False,True,False,True,PROVISIONAL_FAMILY_TAXONOMY,PROVISIONAL_PENDING_CLINICAL_REVIEW
body_surface_area,inf_lat_thickness,inf_lat_thickness,inf_lat_thickness,UNKNOWN,UNCERTAIN_REQUIRES_CLINICAL_REVIEW,No relationship has been adjudicated from authoritative raw metadata and clinical evidence.,False,False,False,True,PENDING_OPENEVIDENCE_AND_CLINICAL_REVIEW,PROVISIONAL_PENDING_CLINICAL_REVIEW
body_surface_area,mv_peak_a,mv_peak_a,mv_peak_a,UNKNOWN,UNCERTAIN_REQUIRES_CLINICAL_REVIEW,No relationship has been adjudicated from authoritative raw metadata and clinical evidence.,False,False,False,True,PENDING_OPENEVIDENCE_AND_CLINICAL_REVIEW,PROVISIONAL_PENDING_CLINICAL_REVIEW
body_surface_area,mv_peak_e,mv_peak_e,mv_peak_e,UNKNOWN,UNCERTAIN_REQUIRES_CLINICAL_REVIEW,No relationship has been adjudicated from authoritative raw metadata and clinical evidence.,False,False,False,True,PENDING_OPENEVIDENCE_AND_CLINICAL_REVIEW,PROVISIONAL_PENDING_CLINICAL_REVIEW
body_surface_area,septal_thickness,septal_thickness,septal_thickness,UNKNOWN,UNCERTAIN_REQUIRES_CLINICAL_REVIEW,No relationship has been adjudicated from authoritative raw metadata and clinical evidence.,False,False,False,True,PENDING_OPENEVIDENCE_AND_CLINICAL_REVIEW,PROVISIONAL_PENDING_CLINICAL_REVIEW
body_surface_area,lvot_vti,lvot_vti,lvot_vti,UNKNOWN,UNCERTAIN_REQUIRES_CLINICAL_REVIEW,No relationship has been adjudicated from authoritative raw metadata and clinical evidence.,False,False,False,True,PENDING_OPENEVIDENCE_AND_CLINICAL_REVIEW,PROVISIONAL_PENDING_CLINICAL_REVIEW
body_surface_area,ascending_aorta_diameter,ascending_aorta_diameter,ascending_aorta_diameter,UNKNOWN,UNCERTAIN_REQUIRES_CLINICAL_REVIEW,No relationship has been adjudicated from authoritative raw metadata and clinical evidence.,False,False,False,True,PENDING_OPENEVIDENCE_AND_CLINICAL_REVIEW,PROVISIONAL_PENDING_CLINICAL_REVIEW
body_surface_area,rv_diam,rv_diam,rv_diam,UNKNOWN,UNCERTAIN_REQUIRES_CLINICAL_REVIEW,No relationship has been adjudicated from authoritative raw metadata and clinical evidence.,False,False,False,True,PENDING_OPENEVIDENCE_AND_CLINICAL_REVIEW,PROVISIONAL_PENDING_CLINICAL_REVIEW
body_surface_area,lvot_diam,lvot_diam,lvot_diam,UNKNOWN,UNCERTAIN_REQUIRES_CLINICAL_REVIEW,No relationship has been adjudicated from authoritative raw metadata and clinical evidence.,False,False,False,True,PENDING_OPENEVIDENCE_AND_CLINICAL_REVIEW,PROVISIONAL_PENDING_CLINICAL_REVIEW
body_surface_area,mitral_e_velocity,mitral_e_velocity,mitral_e_velocity,UNKNOWN,UNCERTAIN_REQUIRES_CLINICAL_REVIEW,No relationship has been adjudicated from authoritative raw metadata and clinical evidence.,False,False,False,True,PENDING_OPENEVIDENCE_AND_CLINICAL_REVIEW,PROVISIONAL_PENDING_CLINICAL_REVIEW
body_surface_area,tricuspid_annular_plane_systolic_excursion,tricuspid_annular_plane_systolic_excursion,tricuspid_annular_plane_systolic_excursion,UNKNOWN,UNCERTAIN_REQUIRES_CLINICAL_REVIEW,No relationship has been adjudicated from authoritative raw metadata and clinical evidence.,False,False,False,True,PENDING_OPENEVIDENCE_AND_CLINICAL_REVIEW,PROVISIONAL_PENDING_CLINICAL_REVIEW
body_surface_area,arch_diam,arch_diam,arch_diam,UNKNOWN,UNCERTAIN_REQUIRES_CLINICAL_REVIEW,No relationship has been adjudicated from authoritative raw metadata and clinical evidence.,False,False,False,True,PENDING_OPENEVIDENCE_AND_CLINICAL_REVIEW,PROVISIONAL_PENDING_CLINICAL_REVIEW
body_surface_area,resting_dbp,resting_dbp,resting_dbp,UNKNOWN,SAME_REPORT_CORRELATE,Both fields are provisionally assigned to the hemodynamic_context family; exact permissibility requires clinical review.,False,True,False,True,PROVISIONAL_FAMILY_TAXONOMY,PROVISIONAL_PENDING_CLINICAL_REVIEW
body_surface_area,resting_sbp,resting_sbp,resting_sbp,UNKNOWN,SAME_REPORT_CORRELATE,Both fields are provisionally assigned to the hemodynamic_context family; exact permissibility requires clinical review.,False,True,False,True,PROVISIONAL_FAMILY_TAXONOMY,PROVISIONAL_PENDING_CLINICAL_REVIEW
body_surface_area,ivc_diam,ivc_diam,ivc_diam,UNKNOWN,UNCERTAIN_REQUIRES_CLINICAL_REVIEW,No relationship has been adjudicated from authoritative raw metadata and clinical evidence.,False,False,False,True,PENDING_OPENEVIDENCE_AND_CLINICAL_REVIEW,PROVISIONAL_PENDING_CLINICAL_REVIEW
body_surface_area,lat_e_prime,lat_e_prime,lat_e_prime,UNKNOWN,UNCERTAIN_REQUIRES_CLINICAL_REVIEW,No relationship has been adjudicated from authoritative raw metadata and clinical evidence.,False,False,False,True,PENDING_OPENEVIDENCE_AND_CLINICAL_REVIEW,PROVISIONAL_PENDING_CLINICAL_REVIEW
height_cm,lvef,lvef,lvef,UNKNOWN,UNCERTAIN_REQUIRES_CLINICAL_REVIEW,No relationship has been adjudicated from authoritative raw metadata and clinical evidence.,False,False,False,True,PENDING_OPENEVIDENCE_AND_CLINICAL_REVIEW,PROVISIONAL_PENDING_CLINICAL_REVIEW
height_cm,fs,fs,fs,UNKNOWN,UNCERTAIN_REQUIRES_CLINICAL_REVIEW,No relationship has been adjudicated from authoritative raw metadata and clinical evidence.,False,False,False,True,PENDING_OPENEVIDENCE_AND_CLINICAL_REVIEW,PROVISIONAL_PENDING_CLINICAL_REVIEW
height_cm,tr_mmhg,tr_mmhg,tr_mmhg,UNKNOWN,UNCERTAIN_REQUIRES_CLINICAL_REVIEW,No relationship has been adjudicated from authoritative raw metadata and clinical evidence.,False,False,False,True,PENDING_OPENEVIDENCE_AND_CLINICAL_REVIEW,PROVISIONAL_PENDING_CLINICAL_REVIEW
height_cm,tricuspid_regurgitant_peak_velocity,tricuspid_regurgitant_peak_velocity,tricuspid_regurgitant_peak_velocity,UNKNOWN,UNCERTAIN_REQUIRES_CLINICAL_REVIEW,No relationship has been adjudicated from authoritative raw metadata and clinical evidence.,False,False,False,True,PENDING_OPENEVIDENCE_AND_CLINICAL_REVIEW,PROVISIONAL_PENDING_CLINICAL_REVIEW
height_cm,left_ventricular_end_systolic_diameter,left_ventricular_end_systolic_diameter,left_ventricular_end_systolic_diameter,UNKNOWN,UNCERTAIN_REQUIRES_CLINICAL_REVIEW,No relationship has been adjudicated from authoritative raw metadata and clinical evidence.,False,False,False,True,PENDING_OPENEVIDENCE_AND_CLINICAL_REVIEW,PROVISIONAL_PENDING_CLINICAL_REVIEW
height_cm,left_ventricular_end_diastolic_diameter,left_ventricular_end_diastolic_diameter,left_ventricular_end_diastolic_diameter,UNKNOWN,UNCERTAIN_REQUIRES_CLINICAL_REVIEW,No relationship has been adjudicated from authoritative raw metadata and clinical evidence.,False,False,False,True,PENDING_OPENEVIDENCE_AND_CLINICAL_REVIEW,PROVISIONAL_PENDING_CLINICAL_REVIEW
height_cm,body_surface_area,body_surface_area,body_surface_area,UNKNOWN,NEAR_DETERMINISTIC_CLINICAL_DERIVATIVE,Height is an input to standard BSA formulas; weight is also required.,False,False,False,True,STANDARD_CLINICAL_FORMULA_PENDING_CLINICAL_CITATION,PROVISIONAL_PENDING_CLINICAL_REVIEW
height_cm,height_cm,height_cm,height_cm,UNKNOWN,DIRECT_TARGET,Predictor canonical name equals the target canonical name.,False,False,False,True,SCHEMA_IDENTITY,CONFIRMED_SCHEMA_IDENTITY
height_cm,av_pk_vel,av_pk_vel,av_pk_vel,UNKNOWN,UNCERTAIN_REQUIRES_CLINICAL_REVIEW,No relationship has been adjudicated from authoritative raw metadata and clinical evidence.,False,False,False,True,PENDING_OPENEVIDENCE_AND_CLINICAL_REVIEW,PROVISIONAL_PENDING_CLINICAL_REVIEW
height_cm,sept_e_prime,sept_e_prime,sept_e_prime,UNKNOWN,UNCERTAIN_REQUIRES_CLINICAL_REVIEW,No relationship has been adjudicated from authoritative raw metadata and clinical evidence.,False,False,False,True,PENDING_OPENEVIDENCE_AND_CLINICAL_REVIEW,PROVISIONAL_PENDING_CLINICAL_REVIEW
height_cm,la_4ch_length,la_4ch_length,la_4ch_length,UNKNOWN,UNCERTAIN_REQUIRES_CLINICAL_REVIEW,No relationship has been adjudicated from authoritative raw metadata and clinical evidence.,False,False,False,True,PENDING_OPENEVIDENCE_AND_CLINICAL_REVIEW,PROVISIONAL_PENDING_CLINICAL_REVIEW
height_cm,ra_length,ra_length,ra_length,UNKNOWN,UNCERTAIN_REQUIRES_CLINICAL_REVIEW,No relationship has been adjudicated from authoritative raw metadata and clinical evidence.,False,False,False,True,PENDING_OPENEVIDENCE_AND_CLINICAL_REVIEW,PROVISIONAL_PENDING_CLINICAL_REVIEW
height_cm,la_dimen,la_dimen,la_dimen,UNKNOWN,UNCERTAIN_REQUIRES_CLINICAL_REVIEW,No relationship has been adjudicated from authoritative raw metadata and clinical evidence.,False,False,False,True,PENDING_OPENEVIDENCE_AND_CLINICAL_REVIEW,PROVISIONAL_PENDING_CLINICAL_REVIEW
height_cm,sinus_diam,sinus_diam,sinus_diam,UNKNOWN,UNCERTAIN_REQUIRES_CLINICAL_REVIEW,No relationship has been adjudicated from authoritative raw metadata and clinical evidence.,False,False,False,True,PENDING_OPENEVIDENCE_AND_CLINICAL_REVIEW,PROVISIONAL_PENDING_CLINICAL_REVIEW
height_cm,resting_hr,resting_hr,resting_hr,UNKNOWN,UNCERTAIN_REQUIRES_CLINICAL_REVIEW,No relationship has been adjudicated from authoritative raw metadata and clinical evidence.,False,False,False,True,PENDING_OPENEVIDENCE_AND_CLINICAL_REVIEW,PROVISIONAL_PENDING_CLINICAL_REVIEW
height_cm,inf_lat_thickness,inf_lat_thickness,inf_lat_thickness,UNKNOWN,UNCERTAIN_REQUIRES_CLINICAL_REVIEW,No relationship has been adjudicated from authoritative raw metadata and clinical evidence.,False,False,False,True,PENDING_OPENEVIDENCE_AND_CLINICAL_REVIEW,PROVISIONAL_PENDING_CLINICAL_REVIEW
height_cm,mv_peak_a,mv_peak_a,mv_peak_a,UNKNOWN,UNCERTAIN_REQUIRES_CLINICAL_REVIEW,No relationship has been adjudicated from authoritative raw metadata and clinical evidence.,False,False,False,True,PENDING_OPENEVIDENCE_AND_CLINICAL_REVIEW,PROVISIONAL_PENDING_CLINICAL_REVIEW
height_cm,mv_peak_e,mv_peak_e,mv_peak_e,UNKNOWN,UNCERTAIN_REQUIRES_CLINICAL_REVIEW,No relationship has been adjudicated from authoritative raw metadata and clinical evidence.,False,False,False,True,PENDING_OPENEVIDENCE_AND_CLINICAL_REVIEW,PROVISIONAL_PENDING_CLINICAL_REVIEW
height_cm,septal_thickness,septal_thickness,septal_thickness,UNKNOWN,UNCERTAIN_REQUIRES_CLINICAL_REVIEW,No relationship has been adjudicated from authoritative raw metadata and clinical evidence.,False,False,False,True,PENDING_OPENEVIDENCE_AND_CLINICAL_REVIEW,PROVISIONAL_PENDING_CLINICAL_REVIEW
height_cm,lvot_vti,lvot_vti,lvot_vti,UNKNOWN,UNCERTAIN_REQUIRES_CLINICAL_REVIEW,No relationship has been adjudicated from authoritative raw metadata and clinical evidence.,False,False,False,True,PENDING_OPENEVIDENCE_AND_CLINICAL_REVIEW,PROVISIONAL_PENDING_CLINICAL_REVIEW
height_cm,ascending_aorta_diameter,ascending_aorta_diameter,ascending_aorta_diameter,UNKNOWN,UNCERTAIN_REQUIRES_CLINICAL_REVIEW,No relationship has been adjudicated from authoritative raw metadata and clinical evidence.,False,False,False,True,PENDING_OPENEVIDENCE_AND_CLINICAL_REVIEW,PROVISIONAL_PENDING_CLINICAL_REVIEW
height_cm,rv_diam,rv_diam,rv_diam,UNKNOWN,UNCERTAIN_REQUIRES_CLINICAL_REVIEW,No relationship has been adjudicated from authoritative raw metadata and clinical evidence.,False,False,False,True,PENDING_OPENEVIDENCE_AND_CLINICAL_REVIEW,PROVISIONAL_PENDING_CLINICAL_REVIEW
height_cm,lvot_diam,lvot_diam,lvot_diam,UNKNOWN,UNCERTAIN_REQUIRES_CLINICAL_REVIEW,No relationship has been adjudicated from authoritative raw metadata and clinical evidence.,False,False,False,True,PENDING_OPENEVIDENCE_AND_CLINICAL_REVIEW,PROVISIONAL_PENDING_CLINICAL_REVIEW
height_cm,mitral_e_velocity,mitral_e_velocity,mitral_e_velocity,UNKNOWN,UNCERTAIN_REQUIRES_CLINICAL_REVIEW,No relationship has been adjudicated from authoritative raw metadata and clinical evidence.,False,False,False,True,PENDING_OPENEVIDENCE_AND_CLINICAL_REVIEW,PROVISIONAL_PENDING_CLINICAL_REVIEW
height_cm,tricuspid_annular_plane_systolic_excursion,tricuspid_annular_plane_systolic_excursion,tricuspid_annular_plane_systolic_excursion,UNKNOWN,UNCERTAIN_REQUIRES_CLINICAL_REVIEW,No relationship has been adjudicated from authoritative raw metadata and clinical evidence.,False,False,False,True,PENDING_OPENEVIDENCE_AND_CLINICAL_REVIEW,PROVISIONAL_PENDING_CLINICAL_REVIEW
height_cm,arch_diam,arch_diam,arch_diam,UNKNOWN,UNCERTAIN_REQUIRES_CLINICAL_REVIEW,No relationship has been adjudicated from authoritative raw metadata and clinical evidence.,False,False,False,True,PENDING_OPENEVIDENCE_AND_CLINICAL_REVIEW,PROVISIONAL_PENDING_CLINICAL_REVIEW
height_cm,resting_dbp,resting_dbp,resting_dbp,UNKNOWN,UNCERTAIN_REQUIRES_CLINICAL_REVIEW,No relationship has been adjudicated from authoritative raw metadata and clinical evidence.,False,False,False,True,PENDING_OPENEVIDENCE_AND_CLINICAL_REVIEW,PROVISIONAL_PENDING_CLINICAL_REVIEW
height_cm,resting_sbp,resting_sbp,resting_sbp,UNKNOWN,UNCERTAIN_REQUIRES_CLINICAL_REVIEW,No relationship has been adjudicated from authoritative raw metadata and clinical evidence.,False,False,False,True,PENDING_OPENEVIDENCE_AND_CLINICAL_REVIEW,PROVISIONAL_PENDING_CLINICAL_REVIEW
height_cm,ivc_diam,ivc_diam,ivc_diam,UNKNOWN,UNCERTAIN_REQUIRES_CLINICAL_REVIEW,No relationship has been adjudicated from authoritative raw metadata and clinical evidence.,False,False,False,True,PENDING_OPENEVIDENCE_AND_CLINICAL_REVIEW,PROVISIONAL_PENDING_CLINICAL_REVIEW
height_cm,lat_e_prime,lat_e_prime,lat_e_prime,UNKNOWN,UNCERTAIN_REQUIRES_CLINICAL_REVIEW,No relationship has been adjudicated from authoritative raw metadata and clinical evidence.,False,False,False,True,PENDING_OPENEVIDENCE_AND_CLINICAL_REVIEW,PROVISIONAL_PENDING_CLINICAL_REVIEW
av_pk_vel,lvef,lvef,lvef,UNKNOWN,UNCERTAIN_REQUIRES_CLINICAL_REVIEW,No relationship has been adjudicated from authoritative raw metadata and clinical evidence.,False,False,True,True,PENDING_OPENEVIDENCE_AND_CLINICAL_REVIEW,PROVISIONAL_PENDING_CLINICAL_REVIEW
av_pk_vel,fs,fs,fs,UNKNOWN,UNCERTAIN_REQUIRES_CLINICAL_REVIEW,No relationship has been adjudicated from authoritative raw metadata and clinical evidence.,False,False,True,True,PENDING_OPENEVIDENCE_AND_CLINICAL_REVIEW,PROVISIONAL_PENDING_CLINICAL_REVIEW
av_pk_vel,tr_mmhg,tr_mmhg,tr_mmhg,UNKNOWN,UNCERTAIN_REQUIRES_CLINICAL_REVIEW,No relationship has been adjudicated from authoritative raw metadata and clinical evidence.,False,False,True,True,PENDING_OPENEVIDENCE_AND_CLINICAL_REVIEW,PROVISIONAL_PENDING_CLINICAL_REVIEW
av_pk_vel,tricuspid_regurgitant_peak_velocity,tricuspid_regurgitant_peak_velocity,tricuspid_regurgitant_peak_velocity,UNKNOWN,UNCERTAIN_REQUIRES_CLINICAL_REVIEW,No relationship has been adjudicated from authoritative raw metadata and clinical evidence.,False,False,True,True,PENDING_OPENEVIDENCE_AND_CLINICAL_REVIEW,PROVISIONAL_PENDING_CLINICAL_REVIEW
av_pk_vel,left_ventricular_end_systolic_diameter,left_ventricular_end_systolic_diameter,left_ventricular_end_systolic_diameter,UNKNOWN,UNCERTAIN_REQUIRES_CLINICAL_REVIEW,No relationship has been adjudicated from authoritative raw metadata and clinical evidence.,False,False,True,True,PENDING_OPENEVIDENCE_AND_CLINICAL_REVIEW,PROVISIONAL_PENDING_CLINICAL_REVIEW
av_pk_vel,left_ventricular_end_diastolic_diameter,left_ventricular_end_diastolic_diameter,left_ventricular_end_diastolic_diameter,UNKNOWN,UNCERTAIN_REQUIRES_CLINICAL_REVIEW,No relationship has been adjudicated from authoritative raw metadata and clinical evidence.,False,False,True,True,PENDING_OPENEVIDENCE_AND_CLINICAL_REVIEW,PROVISIONAL_PENDING_CLINICAL_REVIEW
av_pk_vel,body_surface_area,body_surface_area,body_surface_area,UNKNOWN,UNCERTAIN_REQUIRES_CLINICAL_REVIEW,No relationship has been adjudicated from authoritative raw metadata and clinical evidence.,False,False,True,True,PENDING_OPENEVIDENCE_AND_CLINICAL_REVIEW,PROVISIONAL_PENDING_CLINICAL_REVIEW
av_pk_vel,height_cm,height_cm,height_cm,UNKNOWN,UNCERTAIN_REQUIRES_CLINICAL_REVIEW,No relationship has been adjudicated from authoritative raw metadata and clinical evidence.,False,False,True,True,PENDING_OPENEVIDENCE_AND_CLINICAL_REVIEW,PROVISIONAL_PENDING_CLINICAL_REVIEW
av_pk_vel,av_pk_vel,av_pk_vel,av_pk_vel,UNKNOWN,DIRECT_TARGET,Predictor canonical name equals the target canonical name.,False,False,True,True,SCHEMA_IDENTITY,CONFIRMED_SCHEMA_IDENTITY
av_pk_vel,sept_e_prime,sept_e_prime,sept_e_prime,UNKNOWN,UNCERTAIN_REQUIRES_CLINICAL_REVIEW,No relationship has been adjudicated from authoritative raw metadata and clinical evidence.,False,False,True,True,PENDING_OPENEVIDENCE_AND_CLINICAL_REVIEW,PROVISIONAL_PENDING_CLINICAL_REVIEW
av_pk_vel,la_4ch_length,la_4ch_length,la_4ch_length,UNKNOWN,UNCERTAIN_REQUIRES_CLINICAL_REVIEW,No relationship has been adjudicated from authoritative raw metadata and clinical evidence.,False,False,True,True,PENDING_OPENEVIDENCE_AND_CLINICAL_REVIEW,PROVISIONAL_PENDING_CLINICAL_REVIEW
av_pk_vel,ra_length,ra_length,ra_length,UNKNOWN,UNCERTAIN_REQUIRES_CLINICAL_REVIEW,No relationship has been adjudicated from authoritative raw metadata and clinical evidence.,False,False,True,True,PENDING_OPENEVIDENCE_AND_CLINICAL_REVIEW,PROVISIONAL_PENDING_CLINICAL_REVIEW
av_pk_vel,la_dimen,la_dimen,la_dimen,UNKNOWN,UNCERTAIN_REQUIRES_CLINICAL_REVIEW,No relationship has been adjudicated from authoritative raw metadata and clinical evidence.,False,False,True,True,PENDING_OPENEVIDENCE_AND_CLINICAL_REVIEW,PROVISIONAL_PENDING_CLINICAL_REVIEW
av_pk_vel,sinus_diam,sinus_diam,sinus_diam,UNKNOWN,UNCERTAIN_REQUIRES_CLINICAL_REVIEW,No relationship has been adjudicated from authoritative raw metadata and clinical evidence.,False,False,True,True,PENDING_OPENEVIDENCE_AND_CLINICAL_REVIEW,PROVISIONAL_PENDING_CLINICAL_REVIEW
av_pk_vel,resting_hr,resting_hr,resting_hr,UNKNOWN,UNCERTAIN_REQUIRES_CLINICAL_REVIEW,No relationship has been adjudicated from authoritative raw metadata and clinical evidence.,False,False,True,True,PENDING_OPENEVIDENCE_AND_CLINICAL_REVIEW,PROVISIONAL_PENDING_CLINICAL_REVIEW
av_pk_vel,inf_lat_thickness,inf_lat_thickness,inf_lat_thickness,UNKNOWN,UNCERTAIN_REQUIRES_CLINICAL_REVIEW,No relationship has been adjudicated from authoritative raw metadata and clinical evidence.,False,False,True,True,PENDING_OPENEVIDENCE_AND_CLINICAL_REVIEW,PROVISIONAL_PENDING_CLINICAL_REVIEW
av_pk_vel,mv_peak_a,mv_peak_a,mv_peak_a,UNKNOWN,UNCERTAIN_REQUIRES_CLINICAL_REVIEW,No relationship has been adjudicated from authoritative raw metadata and clinical evidence.,False,False,True,True,PENDING_OPENEVIDENCE_AND_CLINICAL_REVIEW,PROVISIONAL_PENDING_CLINICAL_REVIEW
av_pk_vel,mv_peak_e,mv_peak_e,mv_peak_e,UNKNOWN,UNCERTAIN_REQUIRES_CLINICAL_REVIEW,No relationship has been adjudicated from authoritative raw metadata and clinical evidence.,False,False,True,True,PENDING_OPENEVIDENCE_AND_CLINICAL_REVIEW,PROVISIONAL_PENDING_CLINICAL_REVIEW
av_pk_vel,septal_thickness,septal_thickness,septal_thickness,UNKNOWN,UNCERTAIN_REQUIRES_CLINICAL_REVIEW,No relationship has been adjudicated from authoritative raw metadata and clinical evidence.,False,False,True,True,PENDING_OPENEVIDENCE_AND_CLINICAL_REVIEW,PROVISIONAL_PENDING_CLINICAL_REVIEW
av_pk_vel,lvot_vti,lvot_vti,lvot_vti,UNKNOWN,SAME_REPORT_CORRELATE,Both fields are provisionally assigned to the aortic_valve_flow family; exact permissibility requires clinical review.,False,True,True,True,PROVISIONAL_FAMILY_TAXONOMY,PROVISIONAL_PENDING_CLINICAL_REVIEW
av_pk_vel,ascending_aorta_diameter,ascending_aorta_diameter,ascending_aorta_diameter,UNKNOWN,UNCERTAIN_REQUIRES_CLINICAL_REVIEW,No relationship has been adjudicated from authoritative raw metadata and clinical evidence.,False,False,True,True,PENDING_OPENEVIDENCE_AND_CLINICAL_REVIEW,PROVISIONAL_PENDING_CLINICAL_REVIEW
av_pk_vel,rv_diam,rv_diam,rv_diam,UNKNOWN,UNCERTAIN_REQUIRES_CLINICAL_REVIEW,No relationship has been adjudicated from authoritative raw metadata and clinical evidence.,False,False,True,True,PENDING_OPENEVIDENCE_AND_CLINICAL_REVIEW,PROVISIONAL_PENDING_CLINICAL_REVIEW
av_pk_vel,lvot_diam,lvot_diam,lvot_diam,UNKNOWN,SAME_REPORT_CORRELATE,Both fields are provisionally assigned to the aortic_valve_flow family; exact permissibility requires clinical review.,False,True,True,True,PROVISIONAL_FAMILY_TAXONOMY,PROVISIONAL_PENDING_CLINICAL_REVIEW
av_pk_vel,mitral_e_velocity,mitral_e_velocity,mitral_e_velocity,UNKNOWN,UNCERTAIN_REQUIRES_CLINICAL_REVIEW,No relationship has been adjudicated from authoritative raw metadata and clinical evidence.,False,False,True,True,PENDING_OPENEVIDENCE_AND_CLINICAL_REVIEW,PROVISIONAL_PENDING_CLINICAL_REVIEW
av_pk_vel,tricuspid_annular_plane_systolic_excursion,tricuspid_annular_plane_systolic_excursion,tricuspid_annular_plane_systolic_excursion,UNKNOWN,UNCERTAIN_REQUIRES_CLINICAL_REVIEW,No relationship has been adjudicated from authoritative raw metadata and clinical evidence.,False,False,True,True,PENDING_OPENEVIDENCE_AND_CLINICAL_REVIEW,PROVISIONAL_PENDING_CLINICAL_REVIEW
av_pk_vel,arch_diam,arch_diam,arch_diam,UNKNOWN,UNCERTAIN_REQUIRES_CLINICAL_REVIEW,No relationship has been adjudicated from authoritative raw metadata and clinical evidence.,False,False,True,True,PENDING_OPENEVIDENCE_AND_CLINICAL_REVIEW,PROVISIONAL_PENDING_CLINICAL_REVIEW
av_pk_vel,resting_dbp,resting_dbp,resting_dbp,UNKNOWN,UNCERTAIN_REQUIRES_CLINICAL_REVIEW,No relationship has been adjudicated from authoritative raw metadata and clinical evidence.,False,False,True,True,PENDING_OPENEVIDENCE_AND_CLINICAL_REVIEW,PROVISIONAL_PENDING_CLINICAL_REVIEW
av_pk_vel,resting_sbp,resting_sbp,resting_sbp,UNKNOWN,UNCERTAIN_REQUIRES_CLINICAL_REVIEW,No relationship has been adjudicated from authoritative raw metadata and clinical evidence.,False,False,True,True,PENDING_OPENEVIDENCE_AND_CLINICAL_REVIEW,PROVISIONAL_PENDING_CLINICAL_REVIEW
av_pk_vel,ivc_diam,ivc_diam,ivc_diam,UNKNOWN,UNCERTAIN_REQUIRES_CLINICAL_REVIEW,No relationship has been adjudicated from authoritative raw metadata and clinical evidence.,False,False,True,True,PENDING_OPENEVIDENCE_AND_CLINICAL_REVIEW,PROVISIONAL_PENDING_CLINICAL_REVIEW
av_pk_vel,lat_e_prime,lat_e_prime,lat_e_prime,UNKNOWN,UNCERTAIN_REQUIRES_CLINICAL_REVIEW,No relationship has been adjudicated from authoritative raw metadata and clinical evidence.,False,False,True,True,PENDING_OPENEVIDENCE_AND_CLINICAL_REVIEW,PROVISIONAL_PENDING_CLINICAL_REVIEW
sept_e_prime,lvef,lvef,lvef,UNKNOWN,UNCERTAIN_REQUIRES_CLINICAL_REVIEW,No relationship has been adjudicated from authoritative raw metadata and clinical evidence.,False,False,True,True,PENDING_OPENEVIDENCE_AND_CLINICAL_REVIEW,PROVISIONAL_PENDING_CLINICAL_REVIEW
sept_e_prime,fs,fs,fs,UNKNOWN,UNCERTAIN_REQUIRES_CLINICAL_REVIEW,No relationship has been adjudicated from authoritative raw metadata and clinical evidence.,False,False,True,True,PENDING_OPENEVIDENCE_AND_CLINICAL_REVIEW,PROVISIONAL_PENDING_CLINICAL_REVIEW
sept_e_prime,tr_mmhg,tr_mmhg,tr_mmhg,UNKNOWN,UNCERTAIN_REQUIRES_CLINICAL_REVIEW,No relationship has been adjudicated from authoritative raw metadata and clinical evidence.,False,False,True,True,PENDING_OPENEVIDENCE_AND_CLINICAL_REVIEW,PROVISIONAL_PENDING_CLINICAL_REVIEW
sept_e_prime,tricuspid_regurgitant_peak_velocity,tricuspid_regurgitant_peak_velocity,tricuspid_regurgitant_peak_velocity,UNKNOWN,UNCERTAIN_REQUIRES_CLINICAL_REVIEW,No relationship has been adjudicated from authoritative raw metadata and clinical evidence.,False,False,True,True,PENDING_OPENEVIDENCE_AND_CLINICAL_REVIEW,PROVISIONAL_PENDING_CLINICAL_REVIEW
sept_e_prime,left_ventricular_end_systolic_diameter,left_ventricular_end_systolic_diameter,left_ventricular_end_systolic_diameter,UNKNOWN,UNCERTAIN_REQUIRES_CLINICAL_REVIEW,No relationship has been adjudicated from authoritative raw metadata and clinical evidence.,False,False,True,True,PENDING_OPENEVIDENCE_AND_CLINICAL_REVIEW,PROVISIONAL_PENDING_CLINICAL_REVIEW
sept_e_prime,left_ventricular_end_diastolic_diameter,left_ventricular_end_diastolic_diameter,left_ventricular_end_diastolic_diameter,UNKNOWN,UNCERTAIN_REQUIRES_CLINICAL_REVIEW,No relationship has been adjudicated from authoritative raw metadata and clinical evidence.,False,False,True,True,PENDING_OPENEVIDENCE_AND_CLINICAL_REVIEW,PROVISIONAL_PENDING_CLINICAL_REVIEW
sept_e_prime,body_surface_area,body_surface_area,body_surface_area,UNKNOWN,UNCERTAIN_REQUIRES_CLINICAL_REVIEW,No relationship has been adjudicated from authoritative raw metadata and clinical evidence.,False,False,True,True,PENDING_OPENEVIDENCE_AND_CLINICAL_REVIEW,PROVISIONAL_PENDING_CLINICAL_REVIEW
sept_e_prime,height_cm,height_cm,height_cm,UNKNOWN,UNCERTAIN_REQUIRES_CLINICAL_REVIEW,No relationship has been adjudicated from authoritative raw metadata and clinical evidence.,False,False,True,True,PENDING_OPENEVIDENCE_AND_CLINICAL_REVIEW,PROVISIONAL_PENDING_CLINICAL_REVIEW
sept_e_prime,av_pk_vel,av_pk_vel,av_pk_vel,UNKNOWN,UNCERTAIN_REQUIRES_CLINICAL_REVIEW,No relationship has been adjudicated from authoritative raw metadata and clinical evidence.,False,False,True,True,PENDING_OPENEVIDENCE_AND_CLINICAL_REVIEW,PROVISIONAL_PENDING_CLINICAL_REVIEW
sept_e_prime,sept_e_prime,sept_e_prime,sept_e_prime,UNKNOWN,DIRECT_TARGET,Predictor canonical name equals the target canonical name.,False,False,True,True,SCHEMA_IDENTITY,CONFIRMED_SCHEMA_IDENTITY
sept_e_prime,la_4ch_length,la_4ch_length,la_4ch_length,UNKNOWN,UNCERTAIN_REQUIRES_CLINICAL_REVIEW,No relationship has been adjudicated from authoritative raw metadata and clinical evidence.,False,False,True,True,PENDING_OPENEVIDENCE_AND_CLINICAL_REVIEW,PROVISIONAL_PENDING_CLINICAL_REVIEW
sept_e_prime,ra_length,ra_length,ra_length,UNKNOWN,UNCERTAIN_REQUIRES_CLINICAL_REVIEW,No relationship has been adjudicated from authoritative raw metadata and clinical evidence.,False,False,True,True,PENDING_OPENEVIDENCE_AND_CLINICAL_REVIEW,PROVISIONAL_PENDING_CLINICAL_REVIEW
sept_e_prime,la_dimen,la_dimen,la_dimen,UNKNOWN,UNCERTAIN_REQUIRES_CLINICAL_REVIEW,No relationship has been adjudicated from authoritative raw metadata and clinical evidence.,False,False,True,True,PENDING_OPENEVIDENCE_AND_CLINICAL_REVIEW,PROVISIONAL_PENDING_CLINICAL_REVIEW
sept_e_prime,sinus_diam,sinus_diam,sinus_diam,UNKNOWN,UNCERTAIN_REQUIRES_CLINICAL_REVIEW,No relationship has been adjudicated from authoritative raw metadata and clinical evidence.,False,False,True,True,PENDING_OPENEVIDENCE_AND_CLINICAL_REVIEW,PROVISIONAL_PENDING_CLINICAL_REVIEW
sept_e_prime,resting_hr,resting_hr,resting_hr,UNKNOWN,UNCERTAIN_REQUIRES_CLINICAL_REVIEW,No relationship has been adjudicated from authoritative raw metadata and clinical evidence.,False,False,True,True,PENDING_OPENEVIDENCE_AND_CLINICAL_REVIEW,PROVISIONAL_PENDING_CLINICAL_REVIEW
sept_e_prime,inf_lat_thickness,inf_lat_thickness,inf_lat_thickness,UNKNOWN,UNCERTAIN_REQUIRES_CLINICAL_REVIEW,No relationship has been adjudicated from authoritative raw metadata and clinical evidence.,False,False,True,True,PENDING_OPENEVIDENCE_AND_CLINICAL_REVIEW,PROVISIONAL_PENDING_CLINICAL_REVIEW
sept_e_prime,mv_peak_a,mv_peak_a,mv_peak_a,UNKNOWN,SAME_REPORT_CORRELATE,Both fields are provisionally assigned to the mitral_diastolic family; exact permissibility requires clinical review.,False,True,True,True,PROVISIONAL_FAMILY_TAXONOMY,PROVISIONAL_PENDING_CLINICAL_REVIEW
sept_e_prime,mv_peak_e,mv_peak_e,mv_peak_e,UNKNOWN,SAME_REPORT_CORRELATE,Both fields are provisionally assigned to the mitral_diastolic family; exact permissibility requires clinical review.,False,True,True,True,PROVISIONAL_FAMILY_TAXONOMY,PROVISIONAL_PENDING_CLINICAL_REVIEW
sept_e_prime,septal_thickness,septal_thickness,septal_thickness,UNKNOWN,UNCERTAIN_REQUIRES_CLINICAL_REVIEW,No relationship has been adjudicated from authoritative raw metadata and clinical evidence.,False,False,True,True,PENDING_OPENEVIDENCE_AND_CLINICAL_REVIEW,PROVISIONAL_PENDING_CLINICAL_REVIEW
sept_e_prime,lvot_vti,lvot_vti,lvot_vti,UNKNOWN,UNCERTAIN_REQUIRES_CLINICAL_REVIEW,No relationship has been adjudicated from authoritative raw metadata and clinical evidence.,False,False,True,True,PENDING_OPENEVIDENCE_AND_CLINICAL_REVIEW,PROVISIONAL_PENDING_CLINICAL_REVIEW
sept_e_prime,ascending_aorta_diameter,ascending_aorta_diameter,ascending_aorta_diameter,UNKNOWN,UNCERTAIN_REQUIRES_CLINICAL_REVIEW,No relationship has been adjudicated from authoritative raw metadata and clinical evidence.,False,False,True,True,PENDING_OPENEVIDENCE_AND_CLINICAL_REVIEW,PROVISIONAL_PENDING_CLINICAL_REVIEW
sept_e_prime,rv_diam,rv_diam,rv_diam,UNKNOWN,UNCERTAIN_REQUIRES_CLINICAL_REVIEW,No relationship has been adjudicated from authoritative raw metadata and clinical evidence.,False,False,True,True,PENDING_OPENEVIDENCE_AND_CLINICAL_REVIEW,PROVISIONAL_PENDING_CLINICAL_REVIEW
sept_e_prime,lvot_diam,lvot_diam,lvot_diam,UNKNOWN,UNCERTAIN_REQUIRES_CLINICAL_REVIEW,No relationship has been adjudicated from authoritative raw metadata and clinical evidence.,False,False,True,True,PENDING_OPENEVIDENCE_AND_CLINICAL_REVIEW,PROVISIONAL_PENDING_CLINICAL_REVIEW
sept_e_prime,mitral_e_velocity,mitral_e_velocity,mitral_e_velocity,UNKNOWN,SAME_REPORT_CORRELATE,Both fields are provisionally assigned to the mitral_diastolic family; exact permissibility requires clinical review.,False,True,True,True,PROVISIONAL_FAMILY_TAXONOMY,PROVISIONAL_PENDING_CLINICAL_REVIEW
sept_e_prime,tricuspid_annular_plane_systolic_excursion,tricuspid_annular_plane_systolic_excursion,tricuspid_annular_plane_systolic_excursion,UNKNOWN,UNCERTAIN_REQUIRES_CLINICAL_REVIEW,No relationship has been adjudicated from authoritative raw metadata and clinical evidence.,False,False,True,True,PENDING_OPENEVIDENCE_AND_CLINICAL_REVIEW,PROVISIONAL_PENDING_CLINICAL_REVIEW
sept_e_prime,arch_diam,arch_diam,arch_diam,UNKNOWN,UNCERTAIN_REQUIRES_CLINICAL_REVIEW,No relationship has been adjudicated from authoritative raw metadata and clinical evidence.,False,False,True,True,PENDING_OPENEVIDENCE_AND_CLINICAL_REVIEW,PROVISIONAL_PENDING_CLINICAL_REVIEW
sept_e_prime,resting_dbp,resting_dbp,resting_dbp,UNKNOWN,UNCERTAIN_REQUIRES_CLINICAL_REVIEW,No relationship has been adjudicated from authoritative raw metadata and clinical evidence.,False,False,True,True,PENDING_OPENEVIDENCE_AND_CLINICAL_REVIEW,PROVISIONAL_PENDING_CLINICAL_REVIEW
sept_e_prime,resting_sbp,resting_sbp,resting_sbp,UNKNOWN,UNCERTAIN_REQUIRES_CLINICAL_REVIEW,No relationship has been adjudicated from authoritative raw metadata and clinical evidence.,False,False,True,True,PENDING_OPENEVIDENCE_AND_CLINICAL_REVIEW,PROVISIONAL_PENDING_CLINICAL_REVIEW
sept_e_prime,ivc_diam,ivc_diam,ivc_diam,UNKNOWN,UNCERTAIN_REQUIRES_CLINICAL_REVIEW,No relationship has been adjudicated from authoritative raw metadata and clinical evidence.,False,False,True,True,PENDING_OPENEVIDENCE_AND_CLINICAL_REVIEW,PROVISIONAL_PENDING_CLINICAL_REVIEW
sept_e_prime,lat_e_prime,lat_e_prime,lat_e_prime,UNKNOWN,SAME_REPORT_CORRELATE,Both fields are provisionally assigned to the mitral_diastolic family; exact permissibility requires clinical review.,False,True,True,True,PROVISIONAL_FAMILY_TAXONOMY,PROVISIONAL_PENDING_CLINICAL_REVIEW
la_4ch_length,lvef,lvef,lvef,UNKNOWN,UNCERTAIN_REQUIRES_CLINICAL_REVIEW,No relationship has been adjudicated from authoritative raw metadata and clinical evidence.,False,False,True,True,PENDING_OPENEVIDENCE_AND_CLINICAL_REVIEW,PROVISIONAL_PENDING_CLINICAL_REVIEW
la_4ch_length,fs,fs,fs,UNKNOWN,UNCERTAIN_REQUIRES_CLINICAL_REVIEW,No relationship has been adjudicated from authoritative raw metadata and clinical evidence.,False,False,True,True,PENDING_OPENEVIDENCE_AND_CLINICAL_REVIEW,PROVISIONAL_PENDING_CLINICAL_REVIEW
la_4ch_length,tr_mmhg,tr_mmhg,tr_mmhg,UNKNOWN,UNCERTAIN_REQUIRES_CLINICAL_REVIEW,No relationship has been adjudicated from authoritative raw metadata and clinical evidence.,False,False,True,True,PENDING_OPENEVIDENCE_AND_CLINICAL_REVIEW,PROVISIONAL_PENDING_CLINICAL_REVIEW
la_4ch_length,tricuspid_regurgitant_peak_velocity,tricuspid_regurgitant_peak_velocity,tricuspid_regurgitant_peak_velocity,UNKNOWN,UNCERTAIN_REQUIRES_CLINICAL_REVIEW,No relationship has been adjudicated from authoritative raw metadata and clinical evidence.,False,False,True,True,PENDING_OPENEVIDENCE_AND_CLINICAL_REVIEW,PROVISIONAL_PENDING_CLINICAL_REVIEW
la_4ch_length,left_ventricular_end_systolic_diameter,left_ventricular_end_systolic_diameter,left_ventricular_end_systolic_diameter,UNKNOWN,UNCERTAIN_REQUIRES_CLINICAL_REVIEW,No relationship has been adjudicated from authoritative raw metadata and clinical evidence.,False,False,True,True,PENDING_OPENEVIDENCE_AND_CLINICAL_REVIEW,PROVISIONAL_PENDING_CLINICAL_REVIEW
la_4ch_length,left_ventricular_end_diastolic_diameter,left_ventricular_end_diastolic_diameter,left_ventricular_end_diastolic_diameter,UNKNOWN,UNCERTAIN_REQUIRES_CLINICAL_REVIEW,No relationship has been adjudicated from authoritative raw metadata and clinical evidence.,False,False,True,True,PENDING_OPENEVIDENCE_AND_CLINICAL_REVIEW,PROVISIONAL_PENDING_CLINICAL_REVIEW
la_4ch_length,body_surface_area,body_surface_area,body_surface_area,UNKNOWN,UNCERTAIN_REQUIRES_CLINICAL_REVIEW,No relationship has been adjudicated from authoritative raw metadata and clinical evidence.,False,False,True,True,PENDING_OPENEVIDENCE_AND_CLINICAL_REVIEW,PROVISIONAL_PENDING_CLINICAL_REVIEW
la_4ch_length,height_cm,height_cm,height_cm,UNKNOWN,UNCERTAIN_REQUIRES_CLINICAL_REVIEW,No relationship has been adjudicated from authoritative raw metadata and clinical evidence.,False,False,True,True,PENDING_OPENEVIDENCE_AND_CLINICAL_REVIEW,PROVISIONAL_PENDING_CLINICAL_REVIEW
la_4ch_length,av_pk_vel,av_pk_vel,av_pk_vel,UNKNOWN,UNCERTAIN_REQUIRES_CLINICAL_REVIEW,No relationship has been adjudicated from authoritative raw metadata and clinical evidence.,False,False,True,True,PENDING_OPENEVIDENCE_AND_CLINICAL_REVIEW,PROVISIONAL_PENDING_CLINICAL_REVIEW
la_4ch_length,sept_e_prime,sept_e_prime,sept_e_prime,UNKNOWN,UNCERTAIN_REQUIRES_CLINICAL_REVIEW,No relationship has been adjudicated from authoritative raw metadata and clinical evidence.,False,False,True,True,PENDING_OPENEVIDENCE_AND_CLINICAL_REVIEW,PROVISIONAL_PENDING_CLINICAL_REVIEW
la_4ch_length,la_4ch_length,la_4ch_length,la_4ch_length,UNKNOWN,DIRECT_TARGET,Predictor canonical name equals the target canonical name.,False,False,True,True,SCHEMA_IDENTITY,CONFIRMED_SCHEMA_IDENTITY
la_4ch_length,ra_length,ra_length,ra_length,UNKNOWN,SAME_REPORT_CORRELATE,Both fields are provisionally assigned to the atrial_geometry family; exact permissibility requires clinical review.,False,True,True,True,PROVISIONAL_FAMILY_TAXONOMY,PROVISIONAL_PENDING_CLINICAL_REVIEW
la_4ch_length,la_dimen,la_dimen,la_dimen,UNKNOWN,SAME_REPORT_CORRELATE,Both fields are provisionally assigned to the atrial_geometry family; exact permissibility requires clinical review.,False,True,True,True,PROVISIONAL_FAMILY_TAXONOMY,PROVISIONAL_PENDING_CLINICAL_REVIEW
la_4ch_length,sinus_diam,sinus_diam,sinus_diam,UNKNOWN,UNCERTAIN_REQUIRES_CLINICAL_REVIEW,No relationship has been adjudicated from authoritative raw metadata and clinical evidence.,False,False,True,True,PENDING_OPENEVIDENCE_AND_CLINICAL_REVIEW,PROVISIONAL_PENDING_CLINICAL_REVIEW
la_4ch_length,resting_hr,resting_hr,resting_hr,UNKNOWN,UNCERTAIN_REQUIRES_CLINICAL_REVIEW,No relationship has been adjudicated from authoritative raw metadata and clinical evidence.,False,False,True,True,PENDING_OPENEVIDENCE_AND_CLINICAL_REVIEW,PROVISIONAL_PENDING_CLINICAL_REVIEW
la_4ch_length,inf_lat_thickness,inf_lat_thickness,inf_lat_thickness,UNKNOWN,UNCERTAIN_REQUIRES_CLINICAL_REVIEW,No relationship has been adjudicated from authoritative raw metadata and clinical evidence.,False,False,True,True,PENDING_OPENEVIDENCE_AND_CLINICAL_REVIEW,PROVISIONAL_PENDING_CLINICAL_REVIEW
la_4ch_length,mv_peak_a,mv_peak_a,mv_peak_a,UNKNOWN,UNCERTAIN_REQUIRES_CLINICAL_REVIEW,No relationship has been adjudicated from authoritative raw metadata and clinical evidence.,False,False,True,True,PENDING_OPENEVIDENCE_AND_CLINICAL_REVIEW,PROVISIONAL_PENDING_CLINICAL_REVIEW
la_4ch_length,mv_peak_e,mv_peak_e,mv_peak_e,UNKNOWN,UNCERTAIN_REQUIRES_CLINICAL_REVIEW,No relationship has been adjudicated from authoritative raw metadata and clinical evidence.,False,False,True,True,PENDING_OPENEVIDENCE_AND_CLINICAL_REVIEW,PROVISIONAL_PENDING_CLINICAL_REVIEW
la_4ch_length,septal_thickness,septal_thickness,septal_thickness,UNKNOWN,UNCERTAIN_REQUIRES_CLINICAL_REVIEW,No relationship has been adjudicated from authoritative raw metadata and clinical evidence.,False,False,True,True,PENDING_OPENEVIDENCE_AND_CLINICAL_REVIEW,PROVISIONAL_PENDING_CLINICAL_REVIEW
la_4ch_length,lvot_vti,lvot_vti,lvot_vti,UNKNOWN,UNCERTAIN_REQUIRES_CLINICAL_REVIEW,No relationship has been adjudicated from authoritative raw metadata and clinical evidence.,False,False,True,True,PENDING_OPENEVIDENCE_AND_CLINICAL_REVIEW,PROVISIONAL_PENDING_CLINICAL_REVIEW
la_4ch_length,ascending_aorta_diameter,ascending_aorta_diameter,ascending_aorta_diameter,UNKNOWN,UNCERTAIN_REQUIRES_CLINICAL_REVIEW,No relationship has been adjudicated from authoritative raw metadata and clinical evidence.,False,False,True,True,PENDING_OPENEVIDENCE_AND_CLINICAL_REVIEW,PROVISIONAL_PENDING_CLINICAL_REVIEW
la_4ch_length,rv_diam,rv_diam,rv_diam,UNKNOWN,UNCERTAIN_REQUIRES_CLINICAL_REVIEW,No relationship has been adjudicated from authoritative raw metadata and clinical evidence.,False,False,True,True,PENDING_OPENEVIDENCE_AND_CLINICAL_REVIEW,PROVISIONAL_PENDING_CLINICAL_REVIEW
la_4ch_length,lvot_diam,lvot_diam,lvot_diam,UNKNOWN,UNCERTAIN_REQUIRES_CLINICAL_REVIEW,No relationship has been adjudicated from authoritative raw metadata and clinical evidence.,False,False,True,True,PENDING_OPENEVIDENCE_AND_CLINICAL_REVIEW,PROVISIONAL_PENDING_CLINICAL_REVIEW
la_4ch_length,mitral_e_velocity,mitral_e_velocity,mitral_e_velocity,UNKNOWN,UNCERTAIN_REQUIRES_CLINICAL_REVIEW,No relationship has been adjudicated from authoritative raw metadata and clinical evidence.,False,False,True,True,PENDING_OPENEVIDENCE_AND_CLINICAL_REVIEW,PROVISIONAL_PENDING_CLINICAL_REVIEW
la_4ch_length,tricuspid_annular_plane_systolic_excursion,tricuspid_annular_plane_systolic_excursion,tricuspid_annular_plane_systolic_excursion,UNKNOWN,UNCERTAIN_REQUIRES_CLINICAL_REVIEW,No relationship has been adjudicated from authoritative raw metadata and clinical evidence.,False,False,True,True,PENDING_OPENEVIDENCE_AND_CLINICAL_REVIEW,PROVISIONAL_PENDING_CLINICAL_REVIEW
la_4ch_length,arch_diam,arch_diam,arch_diam,UNKNOWN,UNCERTAIN_REQUIRES_CLINICAL_REVIEW,No relationship has been adjudicated from authoritative raw metadata and clinical evidence.,False,False,True,True,PENDING_OPENEVIDENCE_AND_CLINICAL_REVIEW,PROVISIONAL_PENDING_CLINICAL_REVIEW
la_4ch_length,resting_dbp,resting_dbp,resting_dbp,UNKNOWN,UNCERTAIN_REQUIRES_CLINICAL_REVIEW,No relationship has been adjudicated from authoritative raw metadata and clinical evidence.,False,False,True,True,PENDING_OPENEVIDENCE_AND_CLINICAL_REVIEW,PROVISIONAL_PENDING_CLINICAL_REVIEW
la_4ch_length,resting_sbp,resting_sbp,resting_sbp,UNKNOWN,UNCERTAIN_REQUIRES_CLINICAL_REVIEW,No relationship has been adjudicated from authoritative raw metadata and clinical evidence.,False,False,True,True,PENDING_OPENEVIDENCE_AND_CLINICAL_REVIEW,PROVISIONAL_PENDING_CLINICAL_REVIEW
la_4ch_length,ivc_diam,ivc_diam,ivc_diam,UNKNOWN,UNCERTAIN_REQUIRES_CLINICAL_REVIEW,No relationship has been adjudicated from authoritative raw metadata and clinical evidence.,False,False,True,True,PENDING_OPENEVIDENCE_AND_CLINICAL_REVIEW,PROVISIONAL_PENDING_CLINICAL_REVIEW
la_4ch_length,lat_e_prime,lat_e_prime,lat_e_prime,UNKNOWN,UNCERTAIN_REQUIRES_CLINICAL_REVIEW,No relationship has been adjudicated from authoritative raw metadata and clinical evidence.,False,False,True,True,PENDING_OPENEVIDENCE_AND_CLINICAL_REVIEW,PROVISIONAL_PENDING_CLINICAL_REVIEW
ra_length,lvef,lvef,lvef,UNKNOWN,UNCERTAIN_REQUIRES_CLINICAL_REVIEW,No relationship has been adjudicated from authoritative raw metadata and clinical evidence.,False,False,True,True,PENDING_OPENEVIDENCE_AND_CLINICAL_REVIEW,PROVISIONAL_PENDING_CLINICAL_REVIEW
ra_length,fs,fs,fs,UNKNOWN,UNCERTAIN_REQUIRES_CLINICAL_REVIEW,No relationship has been adjudicated from authoritative raw metadata and clinical evidence.,False,False,True,True,PENDING_OPENEVIDENCE_AND_CLINICAL_REVIEW,PROVISIONAL_PENDING_CLINICAL_REVIEW
ra_length,tr_mmhg,tr_mmhg,tr_mmhg,UNKNOWN,UNCERTAIN_REQUIRES_CLINICAL_REVIEW,No relationship has been adjudicated from authoritative raw metadata and clinical evidence.,False,False,True,True,PENDING_OPENEVIDENCE_AND_CLINICAL_REVIEW,PROVISIONAL_PENDING_CLINICAL_REVIEW
ra_length,tricuspid_regurgitant_peak_velocity,tricuspid_regurgitant_peak_velocity,tricuspid_regurgitant_peak_velocity,UNKNOWN,UNCERTAIN_REQUIRES_CLINICAL_REVIEW,No relationship has been adjudicated from authoritative raw metadata and clinical evidence.,False,False,True,True,PENDING_OPENEVIDENCE_AND_CLINICAL_REVIEW,PROVISIONAL_PENDING_CLINICAL_REVIEW
ra_length,left_ventricular_end_systolic_diameter,left_ventricular_end_systolic_diameter,left_ventricular_end_systolic_diameter,UNKNOWN,UNCERTAIN_REQUIRES_CLINICAL_REVIEW,No relationship has been adjudicated from authoritative raw metadata and clinical evidence.,False,False,True,True,PENDING_OPENEVIDENCE_AND_CLINICAL_REVIEW,PROVISIONAL_PENDING_CLINICAL_REVIEW
ra_length,left_ventricular_end_diastolic_diameter,left_ventricular_end_diastolic_diameter,left_ventricular_end_diastolic_diameter,UNKNOWN,UNCERTAIN_REQUIRES_CLINICAL_REVIEW,No relationship has been adjudicated from authoritative raw metadata and clinical evidence.,False,False,True,True,PENDING_OPENEVIDENCE_AND_CLINICAL_REVIEW,PROVISIONAL_PENDING_CLINICAL_REVIEW
ra_length,body_surface_area,body_surface_area,body_surface_area,UNKNOWN,UNCERTAIN_REQUIRES_CLINICAL_REVIEW,No relationship has been adjudicated from authoritative raw metadata and clinical evidence.,False,False,True,True,PENDING_OPENEVIDENCE_AND_CLINICAL_REVIEW,PROVISIONAL_PENDING_CLINICAL_REVIEW
ra_length,height_cm,height_cm,height_cm,UNKNOWN,UNCERTAIN_REQUIRES_CLINICAL_REVIEW,No relationship has been adjudicated from authoritative raw metadata and clinical evidence.,False,False,True,True,PENDING_OPENEVIDENCE_AND_CLINICAL_REVIEW,PROVISIONAL_PENDING_CLINICAL_REVIEW
ra_length,av_pk_vel,av_pk_vel,av_pk_vel,UNKNOWN,UNCERTAIN_REQUIRES_CLINICAL_REVIEW,No relationship has been adjudicated from authoritative raw metadata and clinical evidence.,False,False,True,True,PENDING_OPENEVIDENCE_AND_CLINICAL_REVIEW,PROVISIONAL_PENDING_CLINICAL_REVIEW
ra_length,sept_e_prime,sept_e_prime,sept_e_prime,UNKNOWN,UNCERTAIN_REQUIRES_CLINICAL_REVIEW,No relationship has been adjudicated from authoritative raw metadata and clinical evidence.,False,False,True,True,PENDING_OPENEVIDENCE_AND_CLINICAL_REVIEW,PROVISIONAL_PENDING_CLINICAL_REVIEW
ra_length,la_4ch_length,la_4ch_length,la_4ch_length,UNKNOWN,SAME_REPORT_CORRELATE,Both fields are provisionally assigned to the atrial_geometry family; exact permissibility requires clinical review.,False,True,True,True,PROVISIONAL_FAMILY_TAXONOMY,PROVISIONAL_PENDING_CLINICAL_REVIEW
ra_length,ra_length,ra_length,ra_length,UNKNOWN,DIRECT_TARGET,Predictor canonical name equals the target canonical name.,False,False,True,True,SCHEMA_IDENTITY,CONFIRMED_SCHEMA_IDENTITY
ra_length,la_dimen,la_dimen,la_dimen,UNKNOWN,SAME_REPORT_CORRELATE,Both fields are provisionally assigned to the atrial_geometry family; exact permissibility requires clinical review.,False,True,True,True,PROVISIONAL_FAMILY_TAXONOMY,PROVISIONAL_PENDING_CLINICAL_REVIEW
ra_length,sinus_diam,sinus_diam,sinus_diam,UNKNOWN,UNCERTAIN_REQUIRES_CLINICAL_REVIEW,No relationship has been adjudicated from authoritative raw metadata and clinical evidence.,False,False,True,True,PENDING_OPENEVIDENCE_AND_CLINICAL_REVIEW,PROVISIONAL_PENDING_CLINICAL_REVIEW
ra_length,resting_hr,resting_hr,resting_hr,UNKNOWN,UNCERTAIN_REQUIRES_CLINICAL_REVIEW,No relationship has been adjudicated from authoritative raw metadata and clinical evidence.,False,False,True,True,PENDING_OPENEVIDENCE_AND_CLINICAL_REVIEW,PROVISIONAL_PENDING_CLINICAL_REVIEW
ra_length,inf_lat_thickness,inf_lat_thickness,inf_lat_thickness,UNKNOWN,UNCERTAIN_REQUIRES_CLINICAL_REVIEW,No relationship has been adjudicated from authoritative raw metadata and clinical evidence.,False,False,True,True,PENDING_OPENEVIDENCE_AND_CLINICAL_REVIEW,PROVISIONAL_PENDING_CLINICAL_REVIEW
ra_length,mv_peak_a,mv_peak_a,mv_peak_a,UNKNOWN,UNCERTAIN_REQUIRES_CLINICAL_REVIEW,No relationship has been adjudicated from authoritative raw metadata and clinical evidence.,False,False,True,True,PENDING_OPENEVIDENCE_AND_CLINICAL_REVIEW,PROVISIONAL_PENDING_CLINICAL_REVIEW
ra_length,mv_peak_e,mv_peak_e,mv_peak_e,UNKNOWN,UNCERTAIN_REQUIRES_CLINICAL_REVIEW,No relationship has been adjudicated from authoritative raw metadata and clinical evidence.,False,False,True,True,PENDING_OPENEVIDENCE_AND_CLINICAL_REVIEW,PROVISIONAL_PENDING_CLINICAL_REVIEW
ra_length,septal_thickness,septal_thickness,septal_thickness,UNKNOWN,UNCERTAIN_REQUIRES_CLINICAL_REVIEW,No relationship has been adjudicated from authoritative raw metadata and clinical evidence.,False,False,True,True,PENDING_OPENEVIDENCE_AND_CLINICAL_REVIEW,PROVISIONAL_PENDING_CLINICAL_REVIEW
ra_length,lvot_vti,lvot_vti,lvot_vti,UNKNOWN,UNCERTAIN_REQUIRES_CLINICAL_REVIEW,No relationship has been adjudicated from authoritative raw metadata and clinical evidence.,False,False,True,True,PENDING_OPENEVIDENCE_AND_CLINICAL_REVIEW,PROVISIONAL_PENDING_CLINICAL_REVIEW
ra_length,ascending_aorta_diameter,ascending_aorta_diameter,ascending_aorta_diameter,UNKNOWN,UNCERTAIN_REQUIRES_CLINICAL_REVIEW,No relationship has been adjudicated from authoritative raw metadata and clinical evidence.,False,False,True,True,PENDING_OPENEVIDENCE_AND_CLINICAL_REVIEW,PROVISIONAL_PENDING_CLINICAL_REVIEW
ra_length,rv_diam,rv_diam,rv_diam,UNKNOWN,UNCERTAIN_REQUIRES_CLINICAL_REVIEW,No relationship has been adjudicated from authoritative raw metadata and clinical evidence.,False,False,True,True,PENDING_OPENEVIDENCE_AND_CLINICAL_REVIEW,PROVISIONAL_PENDING_CLINICAL_REVIEW
ra_length,lvot_diam,lvot_diam,lvot_diam,UNKNOWN,UNCERTAIN_REQUIRES_CLINICAL_REVIEW,No relationship has been adjudicated from authoritative raw metadata and clinical evidence.,False,False,True,True,PENDING_OPENEVIDENCE_AND_CLINICAL_REVIEW,PROVISIONAL_PENDING_CLINICAL_REVIEW
ra_length,mitral_e_velocity,mitral_e_velocity,mitral_e_velocity,UNKNOWN,UNCERTAIN_REQUIRES_CLINICAL_REVIEW,No relationship has been adjudicated from authoritative raw metadata and clinical evidence.,False,False,True,True,PENDING_OPENEVIDENCE_AND_CLINICAL_REVIEW,PROVISIONAL_PENDING_CLINICAL_REVIEW
ra_length,tricuspid_annular_plane_systolic_excursion,tricuspid_annular_plane_systolic_excursion,tricuspid_annular_plane_systolic_excursion,UNKNOWN,UNCERTAIN_REQUIRES_CLINICAL_REVIEW,No relationship has been adjudicated from authoritative raw metadata and clinical evidence.,False,False,True,True,PENDING_OPENEVIDENCE_AND_CLINICAL_REVIEW,PROVISIONAL_PENDING_CLINICAL_REVIEW
ra_length,arch_diam,arch_diam,arch_diam,UNKNOWN,UNCERTAIN_REQUIRES_CLINICAL_REVIEW,No relationship has been adjudicated from authoritative raw metadata and clinical evidence.,False,False,True,True,PENDING_OPENEVIDENCE_AND_CLINICAL_REVIEW,PROVISIONAL_PENDING_CLINICAL_REVIEW
ra_length,resting_dbp,resting_dbp,resting_dbp,UNKNOWN,UNCERTAIN_REQUIRES_CLINICAL_REVIEW,No relationship has been adjudicated from authoritative raw metadata and clinical evidence.,False,False,True,True,PENDING_OPENEVIDENCE_AND_CLINICAL_REVIEW,PROVISIONAL_PENDING_CLINICAL_REVIEW
ra_length,resting_sbp,resting_sbp,resting_sbp,UNKNOWN,UNCERTAIN_REQUIRES_CLINICAL_REVIEW,No relationship has been adjudicated from authoritative raw metadata and clinical evidence.,False,False,True,True,PENDING_OPENEVIDENCE_AND_CLINICAL_REVIEW,PROVISIONAL_PENDING_CLINICAL_REVIEW
ra_length,ivc_diam,ivc_diam,ivc_diam,UNKNOWN,UNCERTAIN_REQUIRES_CLINICAL_REVIEW,No relationship has been adjudicated from authoritative raw metadata and clinical evidence.,False,False,True,True,PENDING_OPENEVIDENCE_AND_CLINICAL_REVIEW,PROVISIONAL_PENDING_CLINICAL_REVIEW
ra_length,lat_e_prime,lat_e_prime,lat_e_prime,UNKNOWN,UNCERTAIN_REQUIRES_CLINICAL_REVIEW,No relationship has been adjudicated from authoritative raw metadata and clinical evidence.,False,False,True,True,PENDING_OPENEVIDENCE_AND_CLINICAL_REVIEW,PROVISIONAL_PENDING_CLINICAL_REVIEW
la_dimen,lvef,lvef,lvef,UNKNOWN,UNCERTAIN_REQUIRES_CLINICAL_REVIEW,No relationship has been adjudicated from authoritative raw metadata and clinical evidence.,False,False,True,True,PENDING_OPENEVIDENCE_AND_CLINICAL_REVIEW,PROVISIONAL_PENDING_CLINICAL_REVIEW
la_dimen,fs,fs,fs,UNKNOWN,UNCERTAIN_REQUIRES_CLINICAL_REVIEW,No relationship has been adjudicated from authoritative raw metadata and clinical evidence.,False,False,True,True,PENDING_OPENEVIDENCE_AND_CLINICAL_REVIEW,PROVISIONAL_PENDING_CLINICAL_REVIEW
la_dimen,tr_mmhg,tr_mmhg,tr_mmhg,UNKNOWN,UNCERTAIN_REQUIRES_CLINICAL_REVIEW,No relationship has been adjudicated from authoritative raw metadata and clinical evidence.,False,False,True,True,PENDING_OPENEVIDENCE_AND_CLINICAL_REVIEW,PROVISIONAL_PENDING_CLINICAL_REVIEW
la_dimen,tricuspid_regurgitant_peak_velocity,tricuspid_regurgitant_peak_velocity,tricuspid_regurgitant_peak_velocity,UNKNOWN,UNCERTAIN_REQUIRES_CLINICAL_REVIEW,No relationship has been adjudicated from authoritative raw metadata and clinical evidence.,False,False,True,True,PENDING_OPENEVIDENCE_AND_CLINICAL_REVIEW,PROVISIONAL_PENDING_CLINICAL_REVIEW
la_dimen,left_ventricular_end_systolic_diameter,left_ventricular_end_systolic_diameter,left_ventricular_end_systolic_diameter,UNKNOWN,UNCERTAIN_REQUIRES_CLINICAL_REVIEW,No relationship has been adjudicated from authoritative raw metadata and clinical evidence.,False,False,True,True,PENDING_OPENEVIDENCE_AND_CLINICAL_REVIEW,PROVISIONAL_PENDING_CLINICAL_REVIEW
la_dimen,left_ventricular_end_diastolic_diameter,left_ventricular_end_diastolic_diameter,left_ventricular_end_diastolic_diameter,UNKNOWN,UNCERTAIN_REQUIRES_CLINICAL_REVIEW,No relationship has been adjudicated from authoritative raw metadata and clinical evidence.,False,False,True,True,PENDING_OPENEVIDENCE_AND_CLINICAL_REVIEW,PROVISIONAL_PENDING_CLINICAL_REVIEW
la_dimen,body_surface_area,body_surface_area,body_surface_area,UNKNOWN,UNCERTAIN_REQUIRES_CLINICAL_REVIEW,No relationship has been adjudicated from authoritative raw metadata and clinical evidence.,False,False,True,True,PENDING_OPENEVIDENCE_AND_CLINICAL_REVIEW,PROVISIONAL_PENDING_CLINICAL_REVIEW
la_dimen,height_cm,height_cm,height_cm,UNKNOWN,UNCERTAIN_REQUIRES_CLINICAL_REVIEW,No relationship has been adjudicated from authoritative raw metadata and clinical evidence.,False,False,True,True,PENDING_OPENEVIDENCE_AND_CLINICAL_REVIEW,PROVISIONAL_PENDING_CLINICAL_REVIEW
la_dimen,av_pk_vel,av_pk_vel,av_pk_vel,UNKNOWN,UNCERTAIN_REQUIRES_CLINICAL_REVIEW,No relationship has been adjudicated from authoritative raw metadata and clinical evidence.,False,False,True,True,PENDING_OPENEVIDENCE_AND_CLINICAL_REVIEW,PROVISIONAL_PENDING_CLINICAL_REVIEW
la_dimen,sept_e_prime,sept_e_prime,sept_e_prime,UNKNOWN,UNCERTAIN_REQUIRES_CLINICAL_REVIEW,No relationship has been adjudicated from authoritative raw metadata and clinical evidence.,False,False,True,True,PENDING_OPENEVIDENCE_AND_CLINICAL_REVIEW,PROVISIONAL_PENDING_CLINICAL_REVIEW
la_dimen,la_4ch_length,la_4ch_length,la_4ch_length,UNKNOWN,SAME_REPORT_CORRELATE,Both fields are provisionally assigned to the atrial_geometry family; exact permissibility requires clinical review.,False,True,True,True,PROVISIONAL_FAMILY_TAXONOMY,PROVISIONAL_PENDING_CLINICAL_REVIEW
la_dimen,ra_length,ra_length,ra_length,UNKNOWN,SAME_REPORT_CORRELATE,Both fields are provisionally assigned to the atrial_geometry family; exact permissibility requires clinical review.,False,True,True,True,PROVISIONAL_FAMILY_TAXONOMY,PROVISIONAL_PENDING_CLINICAL_REVIEW
la_dimen,la_dimen,la_dimen,la_dimen,UNKNOWN,DIRECT_TARGET,Predictor canonical name equals the target canonical name.,False,False,True,True,SCHEMA_IDENTITY,CONFIRMED_SCHEMA_IDENTITY
la_dimen,sinus_diam,sinus_diam,sinus_diam,UNKNOWN,UNCERTAIN_REQUIRES_CLINICAL_REVIEW,No relationship has been adjudicated from authoritative raw metadata and clinical evidence.,False,False,True,True,PENDING_OPENEVIDENCE_AND_CLINICAL_REVIEW,PROVISIONAL_PENDING_CLINICAL_REVIEW
la_dimen,resting_hr,resting_hr,resting_hr,UNKNOWN,UNCERTAIN_REQUIRES_CLINICAL_REVIEW,No relationship has been adjudicated from authoritative raw metadata and clinical evidence.,False,False,True,True,PENDING_OPENEVIDENCE_AND_CLINICAL_REVIEW,PROVISIONAL_PENDING_CLINICAL_REVIEW
la_dimen,inf_lat_thickness,inf_lat_thickness,inf_lat_thickness,UNKNOWN,UNCERTAIN_REQUIRES_CLINICAL_REVIEW,No relationship has been adjudicated from authoritative raw metadata and clinical evidence.,False,False,True,True,PENDING_OPENEVIDENCE_AND_CLINICAL_REVIEW,PROVISIONAL_PENDING_CLINICAL_REVIEW
la_dimen,mv_peak_a,mv_peak_a,mv_peak_a,UNKNOWN,UNCERTAIN_REQUIRES_CLINICAL_REVIEW,No relationship has been adjudicated from authoritative raw metadata and clinical evidence.,False,False,True,True,PENDING_OPENEVIDENCE_AND_CLINICAL_REVIEW,PROVISIONAL_PENDING_CLINICAL_REVIEW
la_dimen,mv_peak_e,mv_peak_e,mv_peak_e,UNKNOWN,UNCERTAIN_REQUIRES_CLINICAL_REVIEW,No relationship has been adjudicated from authoritative raw metadata and clinical evidence.,False,False,True,True,PENDING_OPENEVIDENCE_AND_CLINICAL_REVIEW,PROVISIONAL_PENDING_CLINICAL_REVIEW
la_dimen,septal_thickness,septal_thickness,septal_thickness,UNKNOWN,UNCERTAIN_REQUIRES_CLINICAL_REVIEW,No relationship has been adjudicated from authoritative raw metadata and clinical evidence.,False,False,True,True,PENDING_OPENEVIDENCE_AND_CLINICAL_REVIEW,PROVISIONAL_PENDING_CLINICAL_REVIEW
la_dimen,lvot_vti,lvot_vti,lvot_vti,UNKNOWN,UNCERTAIN_REQUIRES_CLINICAL_REVIEW,No relationship has been adjudicated from authoritative raw metadata and clinical evidence.,False,False,True,True,PENDING_OPENEVIDENCE_AND_CLINICAL_REVIEW,PROVISIONAL_PENDING_CLINICAL_REVIEW
la_dimen,ascending_aorta_diameter,ascending_aorta_diameter,ascending_aorta_diameter,UNKNOWN,UNCERTAIN_REQUIRES_CLINICAL_REVIEW,No relationship has been adjudicated from authoritative raw metadata and clinical evidence.,False,False,True,True,PENDING_OPENEVIDENCE_AND_CLINICAL_REVIEW,PROVISIONAL_PENDING_CLINICAL_REVIEW
la_dimen,rv_diam,rv_diam,rv_diam,UNKNOWN,UNCERTAIN_REQUIRES_CLINICAL_REVIEW,No relationship has been adjudicated from authoritative raw metadata and clinical evidence.,False,False,True,True,PENDING_OPENEVIDENCE_AND_CLINICAL_REVIEW,PROVISIONAL_PENDING_CLINICAL_REVIEW
la_dimen,lvot_diam,lvot_diam,lvot_diam,UNKNOWN,UNCERTAIN_REQUIRES_CLINICAL_REVIEW,No relationship has been adjudicated from authoritative raw metadata and clinical evidence.,False,False,True,True,PENDING_OPENEVIDENCE_AND_CLINICAL_REVIEW,PROVISIONAL_PENDING_CLINICAL_REVIEW
la_dimen,mitral_e_velocity,mitral_e_velocity,mitral_e_velocity,UNKNOWN,UNCERTAIN_REQUIRES_CLINICAL_REVIEW,No relationship has been adjudicated from authoritative raw metadata and clinical evidence.,False,False,True,True,PENDING_OPENEVIDENCE_AND_CLINICAL_REVIEW,PROVISIONAL_PENDING_CLINICAL_REVIEW
la_dimen,tricuspid_annular_plane_systolic_excursion,tricuspid_annular_plane_systolic_excursion,tricuspid_annular_plane_systolic_excursion,UNKNOWN,UNCERTAIN_REQUIRES_CLINICAL_REVIEW,No relationship has been adjudicated from authoritative raw metadata and clinical evidence.,False,False,True,True,PENDING_OPENEVIDENCE_AND_CLINICAL_REVIEW,PROVISIONAL_PENDING_CLINICAL_REVIEW
la_dimen,arch_diam,arch_diam,arch_diam,UNKNOWN,UNCERTAIN_REQUIRES_CLINICAL_REVIEW,No relationship has been adjudicated from authoritative raw metadata and clinical evidence.,False,False,True,True,PENDING_OPENEVIDENCE_AND_CLINICAL_REVIEW,PROVISIONAL_PENDING_CLINICAL_REVIEW
la_dimen,resting_dbp,resting_dbp,resting_dbp,UNKNOWN,UNCERTAIN_REQUIRES_CLINICAL_REVIEW,No relationship has been adjudicated from authoritative raw metadata and clinical evidence.,False,False,True,True,PENDING_OPENEVIDENCE_AND_CLINICAL_REVIEW,PROVISIONAL_PENDING_CLINICAL_REVIEW
la_dimen,resting_sbp,resting_sbp,resting_sbp,UNKNOWN,UNCERTAIN_REQUIRES_CLINICAL_REVIEW,No relationship has been adjudicated from authoritative raw metadata and clinical evidence.,False,False,True,True,PENDING_OPENEVIDENCE_AND_CLINICAL_REVIEW,PROVISIONAL_PENDING_CLINICAL_REVIEW
la_dimen,ivc_diam,ivc_diam,ivc_diam,UNKNOWN,UNCERTAIN_REQUIRES_CLINICAL_REVIEW,No relationship has been adjudicated from authoritative raw metadata and clinical evidence.,False,False,True,True,PENDING_OPENEVIDENCE_AND_CLINICAL_REVIEW,PROVISIONAL_PENDING_CLINICAL_REVIEW
la_dimen,lat_e_prime,lat_e_prime,lat_e_prime,UNKNOWN,UNCERTAIN_REQUIRES_CLINICAL_REVIEW,No relationship has been adjudicated from authoritative raw metadata and clinical evidence.,False,False,True,True,PENDING_OPENEVIDENCE_AND_CLINICAL_REVIEW,PROVISIONAL_PENDING_CLINICAL_REVIEW
sinus_diam,lvef,lvef,lvef,UNKNOWN,UNCERTAIN_REQUIRES_CLINICAL_REVIEW,No relationship has been adjudicated from authoritative raw metadata and clinical evidence.,False,False,True,True,PENDING_OPENEVIDENCE_AND_CLINICAL_REVIEW,PROVISIONAL_PENDING_CLINICAL_REVIEW
sinus_diam,fs,fs,fs,UNKNOWN,UNCERTAIN_REQUIRES_CLINICAL_REVIEW,No relationship has been adjudicated from authoritative raw metadata and clinical evidence.,False,False,True,True,PENDING_OPENEVIDENCE_AND_CLINICAL_REVIEW,PROVISIONAL_PENDING_CLINICAL_REVIEW
sinus_diam,tr_mmhg,tr_mmhg,tr_mmhg,UNKNOWN,UNCERTAIN_REQUIRES_CLINICAL_REVIEW,No relationship has been adjudicated from authoritative raw metadata and clinical evidence.,False,False,True,True,PENDING_OPENEVIDENCE_AND_CLINICAL_REVIEW,PROVISIONAL_PENDING_CLINICAL_REVIEW
sinus_diam,tricuspid_regurgitant_peak_velocity,tricuspid_regurgitant_peak_velocity,tricuspid_regurgitant_peak_velocity,UNKNOWN,UNCERTAIN_REQUIRES_CLINICAL_REVIEW,No relationship has been adjudicated from authoritative raw metadata and clinical evidence.,False,False,True,True,PENDING_OPENEVIDENCE_AND_CLINICAL_REVIEW,PROVISIONAL_PENDING_CLINICAL_REVIEW
sinus_diam,left_ventricular_end_systolic_diameter,left_ventricular_end_systolic_diameter,left_ventricular_end_systolic_diameter,UNKNOWN,UNCERTAIN_REQUIRES_CLINICAL_REVIEW,No relationship has been adjudicated from authoritative raw metadata and clinical evidence.,False,False,True,True,PENDING_OPENEVIDENCE_AND_CLINICAL_REVIEW,PROVISIONAL_PENDING_CLINICAL_REVIEW
sinus_diam,left_ventricular_end_diastolic_diameter,left_ventricular_end_diastolic_diameter,left_ventricular_end_diastolic_diameter,UNKNOWN,UNCERTAIN_REQUIRES_CLINICAL_REVIEW,No relationship has been adjudicated from authoritative raw metadata and clinical evidence.,False,False,True,True,PENDING_OPENEVIDENCE_AND_CLINICAL_REVIEW,PROVISIONAL_PENDING_CLINICAL_REVIEW
sinus_diam,body_surface_area,body_surface_area,body_surface_area,UNKNOWN,UNCERTAIN_REQUIRES_CLINICAL_REVIEW,No relationship has been adjudicated from authoritative raw metadata and clinical evidence.,False,False,True,True,PENDING_OPENEVIDENCE_AND_CLINICAL_REVIEW,PROVISIONAL_PENDING_CLINICAL_REVIEW
sinus_diam,height_cm,height_cm,height_cm,UNKNOWN,UNCERTAIN_REQUIRES_CLINICAL_REVIEW,No relationship has been adjudicated from authoritative raw metadata and clinical evidence.,False,False,True,True,PENDING_OPENEVIDENCE_AND_CLINICAL_REVIEW,PROVISIONAL_PENDING_CLINICAL_REVIEW
sinus_diam,av_pk_vel,av_pk_vel,av_pk_vel,UNKNOWN,UNCERTAIN_REQUIRES_CLINICAL_REVIEW,No relationship has been adjudicated from authoritative raw metadata and clinical evidence.,False,False,True,True,PENDING_OPENEVIDENCE_AND_CLINICAL_REVIEW,PROVISIONAL_PENDING_CLINICAL_REVIEW
sinus_diam,sept_e_prime,sept_e_prime,sept_e_prime,UNKNOWN,UNCERTAIN_REQUIRES_CLINICAL_REVIEW,No relationship has been adjudicated from authoritative raw metadata and clinical evidence.,False,False,True,True,PENDING_OPENEVIDENCE_AND_CLINICAL_REVIEW,PROVISIONAL_PENDING_CLINICAL_REVIEW
sinus_diam,la_4ch_length,la_4ch_length,la_4ch_length,UNKNOWN,UNCERTAIN_REQUIRES_CLINICAL_REVIEW,No relationship has been adjudicated from authoritative raw metadata and clinical evidence.,False,False,True,True,PENDING_OPENEVIDENCE_AND_CLINICAL_REVIEW,PROVISIONAL_PENDING_CLINICAL_REVIEW
sinus_diam,ra_length,ra_length,ra_length,UNKNOWN,UNCERTAIN_REQUIRES_CLINICAL_REVIEW,No relationship has been adjudicated from authoritative raw metadata and clinical evidence.,False,False,True,True,PENDING_OPENEVIDENCE_AND_CLINICAL_REVIEW,PROVISIONAL_PENDING_CLINICAL_REVIEW
sinus_diam,la_dimen,la_dimen,la_dimen,UNKNOWN,UNCERTAIN_REQUIRES_CLINICAL_REVIEW,No relationship has been adjudicated from authoritative raw metadata and clinical evidence.,False,False,True,True,PENDING_OPENEVIDENCE_AND_CLINICAL_REVIEW,PROVISIONAL_PENDING_CLINICAL_REVIEW
sinus_diam,sinus_diam,sinus_diam,sinus_diam,UNKNOWN,DIRECT_TARGET,Predictor canonical name equals the target canonical name.,False,False,True,True,SCHEMA_IDENTITY,CONFIRMED_SCHEMA_IDENTITY
sinus_diam,resting_hr,resting_hr,resting_hr,UNKNOWN,UNCERTAIN_REQUIRES_CLINICAL_REVIEW,No relationship has been adjudicated from authoritative raw metadata and clinical evidence.,False,False,True,True,PENDING_OPENEVIDENCE_AND_CLINICAL_REVIEW,PROVISIONAL_PENDING_CLINICAL_REVIEW
sinus_diam,inf_lat_thickness,inf_lat_thickness,inf_lat_thickness,UNKNOWN,UNCERTAIN_REQUIRES_CLINICAL_REVIEW,No relationship has been adjudicated from authoritative raw metadata and clinical evidence.,False,False,True,True,PENDING_OPENEVIDENCE_AND_CLINICAL_REVIEW,PROVISIONAL_PENDING_CLINICAL_REVIEW
sinus_diam,mv_peak_a,mv_peak_a,mv_peak_a,UNKNOWN,UNCERTAIN_REQUIRES_CLINICAL_REVIEW,No relationship has been adjudicated from authoritative raw metadata and clinical evidence.,False,False,True,True,PENDING_OPENEVIDENCE_AND_CLINICAL_REVIEW,PROVISIONAL_PENDING_CLINICAL_REVIEW
sinus_diam,mv_peak_e,mv_peak_e,mv_peak_e,UNKNOWN,UNCERTAIN_REQUIRES_CLINICAL_REVIEW,No relationship has been adjudicated from authoritative raw metadata and clinical evidence.,False,False,True,True,PENDING_OPENEVIDENCE_AND_CLINICAL_REVIEW,PROVISIONAL_PENDING_CLINICAL_REVIEW
sinus_diam,septal_thickness,septal_thickness,septal_thickness,UNKNOWN,UNCERTAIN_REQUIRES_CLINICAL_REVIEW,No relationship has been adjudicated from authoritative raw metadata and clinical evidence.,False,False,True,True,PENDING_OPENEVIDENCE_AND_CLINICAL_REVIEW,PROVISIONAL_PENDING_CLINICAL_REVIEW
sinus_diam,lvot_vti,lvot_vti,lvot_vti,UNKNOWN,UNCERTAIN_REQUIRES_CLINICAL_REVIEW,No relationship has been adjudicated from authoritative raw metadata and clinical evidence.,False,False,True,True,PENDING_OPENEVIDENCE_AND_CLINICAL_REVIEW,PROVISIONAL_PENDING_CLINICAL_REVIEW
sinus_diam,ascending_aorta_diameter,ascending_aorta_diameter,ascending_aorta_diameter,UNKNOWN,SAME_REPORT_CORRELATE,Both fields are provisionally assigned to the aortic_geometry family; exact permissibility requires clinical review.,False,True,True,True,PROVISIONAL_FAMILY_TAXONOMY,PROVISIONAL_PENDING_CLINICAL_REVIEW
sinus_diam,rv_diam,rv_diam,rv_diam,UNKNOWN,UNCERTAIN_REQUIRES_CLINICAL_REVIEW,No relationship has been adjudicated from authoritative raw metadata and clinical evidence.,False,False,True,True,PENDING_OPENEVIDENCE_AND_CLINICAL_REVIEW,PROVISIONAL_PENDING_CLINICAL_REVIEW
sinus_diam,lvot_diam,lvot_diam,lvot_diam,UNKNOWN,UNCERTAIN_REQUIRES_CLINICAL_REVIEW,No relationship has been adjudicated from authoritative raw metadata and clinical evidence.,False,False,True,True,PENDING_OPENEVIDENCE_AND_CLINICAL_REVIEW,PROVISIONAL_PENDING_CLINICAL_REVIEW
sinus_diam,mitral_e_velocity,mitral_e_velocity,mitral_e_velocity,UNKNOWN,UNCERTAIN_REQUIRES_CLINICAL_REVIEW,No relationship has been adjudicated from authoritative raw metadata and clinical evidence.,False,False,True,True,PENDING_OPENEVIDENCE_AND_CLINICAL_REVIEW,PROVISIONAL_PENDING_CLINICAL_REVIEW
sinus_diam,tricuspid_annular_plane_systolic_excursion,tricuspid_annular_plane_systolic_excursion,tricuspid_annular_plane_systolic_excursion,UNKNOWN,UNCERTAIN_REQUIRES_CLINICAL_REVIEW,No relationship has been adjudicated from authoritative raw metadata and clinical evidence.,False,False,True,True,PENDING_OPENEVIDENCE_AND_CLINICAL_REVIEW,PROVISIONAL_PENDING_CLINICAL_REVIEW
sinus_diam,arch_diam,arch_diam,arch_diam,UNKNOWN,SAME_REPORT_CORRELATE,Both fields are provisionally assigned to the aortic_geometry family; exact permissibility requires clinical review.,False,True,True,True,PROVISIONAL_FAMILY_TAXONOMY,PROVISIONAL_PENDING_CLINICAL_REVIEW
sinus_diam,resting_dbp,resting_dbp,resting_dbp,UNKNOWN,UNCERTAIN_REQUIRES_CLINICAL_REVIEW,No relationship has been adjudicated from authoritative raw metadata and clinical evidence.,False,False,True,True,PENDING_OPENEVIDENCE_AND_CLINICAL_REVIEW,PROVISIONAL_PENDING_CLINICAL_REVIEW
sinus_diam,resting_sbp,resting_sbp,resting_sbp,UNKNOWN,UNCERTAIN_REQUIRES_CLINICAL_REVIEW,No relationship has been adjudicated from authoritative raw metadata and clinical evidence.,False,False,True,True,PENDING_OPENEVIDENCE_AND_CLINICAL_REVIEW,PROVISIONAL_PENDING_CLINICAL_REVIEW
sinus_diam,ivc_diam,ivc_diam,ivc_diam,UNKNOWN,UNCERTAIN_REQUIRES_CLINICAL_REVIEW,No relationship has been adjudicated from authoritative raw metadata and clinical evidence.,False,False,True,True,PENDING_OPENEVIDENCE_AND_CLINICAL_REVIEW,PROVISIONAL_PENDING_CLINICAL_REVIEW
sinus_diam,lat_e_prime,lat_e_prime,lat_e_prime,UNKNOWN,UNCERTAIN_REQUIRES_CLINICAL_REVIEW,No relationship has been adjudicated from authoritative raw metadata and clinical evidence.,False,False,True,True,PENDING_OPENEVIDENCE_AND_CLINICAL_REVIEW,PROVISIONAL_PENDING_CLINICAL_REVIEW
resting_hr,lvef,lvef,lvef,UNKNOWN,UNCERTAIN_REQUIRES_CLINICAL_REVIEW,No relationship has been adjudicated from authoritative raw metadata and clinical evidence.,False,False,False,True,PENDING_OPENEVIDENCE_AND_CLINICAL_REVIEW,PROVISIONAL_PENDING_CLINICAL_REVIEW
resting_hr,fs,fs,fs,UNKNOWN,UNCERTAIN_REQUIRES_CLINICAL_REVIEW,No relationship has been adjudicated from authoritative raw metadata and clinical evidence.,False,False,False,True,PENDING_OPENEVIDENCE_AND_CLINICAL_REVIEW,PROVISIONAL_PENDING_CLINICAL_REVIEW
resting_hr,tr_mmhg,tr_mmhg,tr_mmhg,UNKNOWN,UNCERTAIN_REQUIRES_CLINICAL_REVIEW,No relationship has been adjudicated from authoritative raw metadata and clinical evidence.,False,False,False,True,PENDING_OPENEVIDENCE_AND_CLINICAL_REVIEW,PROVISIONAL_PENDING_CLINICAL_REVIEW
resting_hr,tricuspid_regurgitant_peak_velocity,tricuspid_regurgitant_peak_velocity,tricuspid_regurgitant_peak_velocity,UNKNOWN,UNCERTAIN_REQUIRES_CLINICAL_REVIEW,No relationship has been adjudicated from authoritative raw metadata and clinical evidence.,False,False,False,True,PENDING_OPENEVIDENCE_AND_CLINICAL_REVIEW,PROVISIONAL_PENDING_CLINICAL_REVIEW
resting_hr,left_ventricular_end_systolic_diameter,left_ventricular_end_systolic_diameter,left_ventricular_end_systolic_diameter,UNKNOWN,UNCERTAIN_REQUIRES_CLINICAL_REVIEW,No relationship has been adjudicated from authoritative raw metadata and clinical evidence.,False,False,False,True,PENDING_OPENEVIDENCE_AND_CLINICAL_REVIEW,PROVISIONAL_PENDING_CLINICAL_REVIEW
resting_hr,left_ventricular_end_diastolic_diameter,left_ventricular_end_diastolic_diameter,left_ventricular_end_diastolic_diameter,UNKNOWN,UNCERTAIN_REQUIRES_CLINICAL_REVIEW,No relationship has been adjudicated from authoritative raw metadata and clinical evidence.,False,False,False,True,PENDING_OPENEVIDENCE_AND_CLINICAL_REVIEW,PROVISIONAL_PENDING_CLINICAL_REVIEW
resting_hr,body_surface_area,body_surface_area,body_surface_area,UNKNOWN,SAME_REPORT_CORRELATE,Both fields are provisionally assigned to the hemodynamic_context family; exact permissibility requires clinical review.,False,True,False,True,PROVISIONAL_FAMILY_TAXONOMY,PROVISIONAL_PENDING_CLINICAL_REVIEW
resting_hr,height_cm,height_cm,height_cm,UNKNOWN,UNCERTAIN_REQUIRES_CLINICAL_REVIEW,No relationship has been adjudicated from authoritative raw metadata and clinical evidence.,False,False,False,True,PENDING_OPENEVIDENCE_AND_CLINICAL_REVIEW,PROVISIONAL_PENDING_CLINICAL_REVIEW
resting_hr,av_pk_vel,av_pk_vel,av_pk_vel,UNKNOWN,UNCERTAIN_REQUIRES_CLINICAL_REVIEW,No relationship has been adjudicated from authoritative raw metadata and clinical evidence.,False,False,False,True,PENDING_OPENEVIDENCE_AND_CLINICAL_REVIEW,PROVISIONAL_PENDING_CLINICAL_REVIEW
resting_hr,sept_e_prime,sept_e_prime,sept_e_prime,UNKNOWN,UNCERTAIN_REQUIRES_CLINICAL_REVIEW,No relationship has been adjudicated from authoritative raw metadata and clinical evidence.,False,False,False,True,PENDING_OPENEVIDENCE_AND_CLINICAL_REVIEW,PROVISIONAL_PENDING_CLINICAL_REVIEW
resting_hr,la_4ch_length,la_4ch_length,la_4ch_length,UNKNOWN,UNCERTAIN_REQUIRES_CLINICAL_REVIEW,No relationship has been adjudicated from authoritative raw metadata and clinical evidence.,False,False,False,True,PENDING_OPENEVIDENCE_AND_CLINICAL_REVIEW,PROVISIONAL_PENDING_CLINICAL_REVIEW
resting_hr,ra_length,ra_length,ra_length,UNKNOWN,UNCERTAIN_REQUIRES_CLINICAL_REVIEW,No relationship has been adjudicated from authoritative raw metadata and clinical evidence.,False,False,False,True,PENDING_OPENEVIDENCE_AND_CLINICAL_REVIEW,PROVISIONAL_PENDING_CLINICAL_REVIEW
resting_hr,la_dimen,la_dimen,la_dimen,UNKNOWN,UNCERTAIN_REQUIRES_CLINICAL_REVIEW,No relationship has been adjudicated from authoritative raw metadata and clinical evidence.,False,False,False,True,PENDING_OPENEVIDENCE_AND_CLINICAL_REVIEW,PROVISIONAL_PENDING_CLINICAL_REVIEW
resting_hr,sinus_diam,sinus_diam,sinus_diam,UNKNOWN,UNCERTAIN_REQUIRES_CLINICAL_REVIEW,No relationship has been adjudicated from authoritative raw metadata and clinical evidence.,False,False,False,True,PENDING_OPENEVIDENCE_AND_CLINICAL_REVIEW,PROVISIONAL_PENDING_CLINICAL_REVIEW
resting_hr,resting_hr,resting_hr,resting_hr,UNKNOWN,DIRECT_TARGET,Predictor canonical name equals the target canonical name.,False,False,False,True,SCHEMA_IDENTITY,CONFIRMED_SCHEMA_IDENTITY
resting_hr,inf_lat_thickness,inf_lat_thickness,inf_lat_thickness,UNKNOWN,UNCERTAIN_REQUIRES_CLINICAL_REVIEW,No relationship has been adjudicated from authoritative raw metadata and clinical evidence.,False,False,False,True,PENDING_OPENEVIDENCE_AND_CLINICAL_REVIEW,PROVISIONAL_PENDING_CLINICAL_REVIEW
resting_hr,mv_peak_a,mv_peak_a,mv_peak_a,UNKNOWN,UNCERTAIN_REQUIRES_CLINICAL_REVIEW,No relationship has been adjudicated from authoritative raw metadata and clinical evidence.,False,False,False,True,PENDING_OPENEVIDENCE_AND_CLINICAL_REVIEW,PROVISIONAL_PENDING_CLINICAL_REVIEW
resting_hr,mv_peak_e,mv_peak_e,mv_peak_e,UNKNOWN,UNCERTAIN_REQUIRES_CLINICAL_REVIEW,No relationship has been adjudicated from authoritative raw metadata and clinical evidence.,False,False,False,True,PENDING_OPENEVIDENCE_AND_CLINICAL_REVIEW,PROVISIONAL_PENDING_CLINICAL_REVIEW
resting_hr,septal_thickness,septal_thickness,septal_thickness,UNKNOWN,UNCERTAIN_REQUIRES_CLINICAL_REVIEW,No relationship has been adjudicated from authoritative raw metadata and clinical evidence.,False,False,False,True,PENDING_OPENEVIDENCE_AND_CLINICAL_REVIEW,PROVISIONAL_PENDING_CLINICAL_REVIEW
resting_hr,lvot_vti,lvot_vti,lvot_vti,UNKNOWN,NEAR_DETERMINISTIC_CLINICAL_DERIVATIVE,LVOT VTI contributes to stroke volume and heart rate converts stroke volume to cardiac output.,False,False,False,True,STANDARD_CLINICAL_FORMULA_PENDING_CLINICAL_CITATION,PROVISIONAL_PENDING_CLINICAL_REVIEW
resting_hr,ascending_aorta_diameter,ascending_aorta_diameter,ascending_aorta_diameter,UNKNOWN,UNCERTAIN_REQUIRES_CLINICAL_REVIEW,No relationship has been adjudicated from authoritative raw metadata and clinical evidence.,False,False,False,True,PENDING_OPENEVIDENCE_AND_CLINICAL_REVIEW,PROVISIONAL_PENDING_CLINICAL_REVIEW
resting_hr,rv_diam,rv_diam,rv_diam,UNKNOWN,UNCERTAIN_REQUIRES_CLINICAL_REVIEW,No relationship has been adjudicated from authoritative raw metadata and clinical evidence.,False,False,False,True,PENDING_OPENEVIDENCE_AND_CLINICAL_REVIEW,PROVISIONAL_PENDING_CLINICAL_REVIEW
resting_hr,lvot_diam,lvot_diam,lvot_diam,UNKNOWN,NEAR_DETERMINISTIC_CLINICAL_DERIVATIVE,LVOT geometry and heart rate are components of cardiac output derivations.,False,False,False,True,STANDARD_CLINICAL_FORMULA_PENDING_CLINICAL_CITATION,PROVISIONAL_PENDING_CLINICAL_REVIEW
resting_hr,mitral_e_velocity,mitral_e_velocity,mitral_e_velocity,UNKNOWN,UNCERTAIN_REQUIRES_CLINICAL_REVIEW,No relationship has been adjudicated from authoritative raw metadata and clinical evidence.,False,False,False,True,PENDING_OPENEVIDENCE_AND_CLINICAL_REVIEW,PROVISIONAL_PENDING_CLINICAL_REVIEW
resting_hr,tricuspid_annular_plane_systolic_excursion,tricuspid_annular_plane_systolic_excursion,tricuspid_annular_plane_systolic_excursion,UNKNOWN,UNCERTAIN_REQUIRES_CLINICAL_REVIEW,No relationship has been adjudicated from authoritative raw metadata and clinical evidence.,False,False,False,True,PENDING_OPENEVIDENCE_AND_CLINICAL_REVIEW,PROVISIONAL_PENDING_CLINICAL_REVIEW
resting_hr,arch_diam,arch_diam,arch_diam,UNKNOWN,UNCERTAIN_REQUIRES_CLINICAL_REVIEW,No relationship has been adjudicated from authoritative raw metadata and clinical evidence.,False,False,False,True,PENDING_OPENEVIDENCE_AND_CLINICAL_REVIEW,PROVISIONAL_PENDING_CLINICAL_REVIEW
resting_hr,resting_dbp,resting_dbp,resting_dbp,UNKNOWN,SAME_REPORT_CORRELATE,Both fields are provisionally assigned to the hemodynamic_context family; exact permissibility requires clinical review.,False,True,False,True,PROVISIONAL_FAMILY_TAXONOMY,PROVISIONAL_PENDING_CLINICAL_REVIEW
resting_hr,resting_sbp,resting_sbp,resting_sbp,UNKNOWN,SAME_REPORT_CORRELATE,Both fields are provisionally assigned to the hemodynamic_context family; exact permissibility requires clinical review.,False,True,False,True,PROVISIONAL_FAMILY_TAXONOMY,PROVISIONAL_PENDING_CLINICAL_REVIEW
resting_hr,ivc_diam,ivc_diam,ivc_diam,UNKNOWN,UNCERTAIN_REQUIRES_CLINICAL_REVIEW,No relationship has been adjudicated from authoritative raw metadata and clinical evidence.,False,False,False,True,PENDING_OPENEVIDENCE_AND_CLINICAL_REVIEW,PROVISIONAL_PENDING_CLINICAL_REVIEW
resting_hr,lat_e_prime,lat_e_prime,lat_e_prime,UNKNOWN,UNCERTAIN_REQUIRES_CLINICAL_REVIEW,No relationship has been adjudicated from authoritative raw metadata and clinical evidence.,False,False,False,True,PENDING_OPENEVIDENCE_AND_CLINICAL_REVIEW,PROVISIONAL_PENDING_CLINICAL_REVIEW
inf_lat_thickness,lvef,lvef,lvef,UNKNOWN,UNCERTAIN_REQUIRES_CLINICAL_REVIEW,No relationship has been adjudicated from authoritative raw metadata and clinical evidence.,False,False,True,True,PENDING_OPENEVIDENCE_AND_CLINICAL_REVIEW,PROVISIONAL_PENDING_CLINICAL_REVIEW
inf_lat_thickness,fs,fs,fs,UNKNOWN,UNCERTAIN_REQUIRES_CLINICAL_REVIEW,No relationship has been adjudicated from authoritative raw metadata and clinical evidence.,False,False,True,True,PENDING_OPENEVIDENCE_AND_CLINICAL_REVIEW,PROVISIONAL_PENDING_CLINICAL_REVIEW
inf_lat_thickness,tr_mmhg,tr_mmhg,tr_mmhg,UNKNOWN,UNCERTAIN_REQUIRES_CLINICAL_REVIEW,No relationship has been adjudicated from authoritative raw metadata and clinical evidence.,False,False,True,True,PENDING_OPENEVIDENCE_AND_CLINICAL_REVIEW,PROVISIONAL_PENDING_CLINICAL_REVIEW
inf_lat_thickness,tricuspid_regurgitant_peak_velocity,tricuspid_regurgitant_peak_velocity,tricuspid_regurgitant_peak_velocity,UNKNOWN,UNCERTAIN_REQUIRES_CLINICAL_REVIEW,No relationship has been adjudicated from authoritative raw metadata and clinical evidence.,False,False,True,True,PENDING_OPENEVIDENCE_AND_CLINICAL_REVIEW,PROVISIONAL_PENDING_CLINICAL_REVIEW
inf_lat_thickness,left_ventricular_end_systolic_diameter,left_ventricular_end_systolic_diameter,left_ventricular_end_systolic_diameter,UNKNOWN,UNCERTAIN_REQUIRES_CLINICAL_REVIEW,No relationship has been adjudicated from authoritative raw metadata and clinical evidence.,False,False,True,True,PENDING_OPENEVIDENCE_AND_CLINICAL_REVIEW,PROVISIONAL_PENDING_CLINICAL_REVIEW
inf_lat_thickness,left_ventricular_end_diastolic_diameter,left_ventricular_end_diastolic_diameter,left_ventricular_end_diastolic_diameter,UNKNOWN,NEAR_DETERMINISTIC_CLINICAL_DERIVATIVE,Posterior/inferolateral thickness and LV diastolic diameter contribute to LV mass formulas.,False,False,True,True,STANDARD_CLINICAL_FORMULA_PENDING_CLINICAL_CITATION,PROVISIONAL_PENDING_CLINICAL_REVIEW
inf_lat_thickness,body_surface_area,body_surface_area,body_surface_area,UNKNOWN,UNCERTAIN_REQUIRES_CLINICAL_REVIEW,No relationship has been adjudicated from authoritative raw metadata and clinical evidence.,False,False,True,True,PENDING_OPENEVIDENCE_AND_CLINICAL_REVIEW,PROVISIONAL_PENDING_CLINICAL_REVIEW
inf_lat_thickness,height_cm,height_cm,height_cm,UNKNOWN,UNCERTAIN_REQUIRES_CLINICAL_REVIEW,No relationship has been adjudicated from authoritative raw metadata and clinical evidence.,False,False,True,True,PENDING_OPENEVIDENCE_AND_CLINICAL_REVIEW,PROVISIONAL_PENDING_CLINICAL_REVIEW
inf_lat_thickness,av_pk_vel,av_pk_vel,av_pk_vel,UNKNOWN,UNCERTAIN_REQUIRES_CLINICAL_REVIEW,No relationship has been adjudicated from authoritative raw metadata and clinical evidence.,False,False,True,True,PENDING_OPENEVIDENCE_AND_CLINICAL_REVIEW,PROVISIONAL_PENDING_CLINICAL_REVIEW
inf_lat_thickness,sept_e_prime,sept_e_prime,sept_e_prime,UNKNOWN,UNCERTAIN_REQUIRES_CLINICAL_REVIEW,No relationship has been adjudicated from authoritative raw metadata and clinical evidence.,False,False,True,True,PENDING_OPENEVIDENCE_AND_CLINICAL_REVIEW,PROVISIONAL_PENDING_CLINICAL_REVIEW
inf_lat_thickness,la_4ch_length,la_4ch_length,la_4ch_length,UNKNOWN,UNCERTAIN_REQUIRES_CLINICAL_REVIEW,No relationship has been adjudicated from authoritative raw metadata and clinical evidence.,False,False,True,True,PENDING_OPENEVIDENCE_AND_CLINICAL_REVIEW,PROVISIONAL_PENDING_CLINICAL_REVIEW
inf_lat_thickness,ra_length,ra_length,ra_length,UNKNOWN,UNCERTAIN_REQUIRES_CLINICAL_REVIEW,No relationship has been adjudicated from authoritative raw metadata and clinical evidence.,False,False,True,True,PENDING_OPENEVIDENCE_AND_CLINICAL_REVIEW,PROVISIONAL_PENDING_CLINICAL_REVIEW
inf_lat_thickness,la_dimen,la_dimen,la_dimen,UNKNOWN,UNCERTAIN_REQUIRES_CLINICAL_REVIEW,No relationship has been adjudicated from authoritative raw metadata and clinical evidence.,False,False,True,True,PENDING_OPENEVIDENCE_AND_CLINICAL_REVIEW,PROVISIONAL_PENDING_CLINICAL_REVIEW
inf_lat_thickness,sinus_diam,sinus_diam,sinus_diam,UNKNOWN,UNCERTAIN_REQUIRES_CLINICAL_REVIEW,No relationship has been adjudicated from authoritative raw metadata and clinical evidence.,False,False,True,True,PENDING_OPENEVIDENCE_AND_CLINICAL_REVIEW,PROVISIONAL_PENDING_CLINICAL_REVIEW
inf_lat_thickness,resting_hr,resting_hr,resting_hr,UNKNOWN,UNCERTAIN_REQUIRES_CLINICAL_REVIEW,No relationship has been adjudicated from authoritative raw metadata and clinical evidence.,False,False,True,True,PENDING_OPENEVIDENCE_AND_CLINICAL_REVIEW,PROVISIONAL_PENDING_CLINICAL_REVIEW
inf_lat_thickness,inf_lat_thickness,inf_lat_thickness,inf_lat_thickness,UNKNOWN,DIRECT_TARGET,Predictor canonical name equals the target canonical name.,False,False,True,True,SCHEMA_IDENTITY,CONFIRMED_SCHEMA_IDENTITY
inf_lat_thickness,mv_peak_a,mv_peak_a,mv_peak_a,UNKNOWN,UNCERTAIN_REQUIRES_CLINICAL_REVIEW,No relationship has been adjudicated from authoritative raw metadata and clinical evidence.,False,False,True,True,PENDING_OPENEVIDENCE_AND_CLINICAL_REVIEW,PROVISIONAL_PENDING_CLINICAL_REVIEW
inf_lat_thickness,mv_peak_e,mv_peak_e,mv_peak_e,UNKNOWN,UNCERTAIN_REQUIRES_CLINICAL_REVIEW,No relationship has been adjudicated from authoritative raw metadata and clinical evidence.,False,False,True,True,PENDING_OPENEVIDENCE_AND_CLINICAL_REVIEW,PROVISIONAL_PENDING_CLINICAL_REVIEW
inf_lat_thickness,septal_thickness,septal_thickness,septal_thickness,UNKNOWN,NEAR_DETERMINISTIC_CLINICAL_DERIVATIVE,"Both wall thicknesses, with LV diameter, contribute to LV mass formulas.",False,False,True,True,STANDARD_CLINICAL_FORMULA_PENDING_CLINICAL_CITATION,PROVISIONAL_PENDING_CLINICAL_REVIEW
inf_lat_thickness,lvot_vti,lvot_vti,lvot_vti,UNKNOWN,UNCERTAIN_REQUIRES_CLINICAL_REVIEW,No relationship has been adjudicated from authoritative raw metadata and clinical evidence.,False,False,True,True,PENDING_OPENEVIDENCE_AND_CLINICAL_REVIEW,PROVISIONAL_PENDING_CLINICAL_REVIEW
inf_lat_thickness,ascending_aorta_diameter,ascending_aorta_diameter,ascending_aorta_diameter,UNKNOWN,UNCERTAIN_REQUIRES_CLINICAL_REVIEW,No relationship has been adjudicated from authoritative raw metadata and clinical evidence.,False,False,True,True,PENDING_OPENEVIDENCE_AND_CLINICAL_REVIEW,PROVISIONAL_PENDING_CLINICAL_REVIEW
inf_lat_thickness,rv_diam,rv_diam,rv_diam,UNKNOWN,UNCERTAIN_REQUIRES_CLINICAL_REVIEW,No relationship has been adjudicated from authoritative raw metadata and clinical evidence.,False,False,True,True,PENDING_OPENEVIDENCE_AND_CLINICAL_REVIEW,PROVISIONAL_PENDING_CLINICAL_REVIEW
inf_lat_thickness,lvot_diam,lvot_diam,lvot_diam,UNKNOWN,UNCERTAIN_REQUIRES_CLINICAL_REVIEW,No relationship has been adjudicated from authoritative raw metadata and clinical evidence.,False,False,True,True,PENDING_OPENEVIDENCE_AND_CLINICAL_REVIEW,PROVISIONAL_PENDING_CLINICAL_REVIEW
inf_lat_thickness,mitral_e_velocity,mitral_e_velocity,mitral_e_velocity,UNKNOWN,UNCERTAIN_REQUIRES_CLINICAL_REVIEW,No relationship has been adjudicated from authoritative raw metadata and clinical evidence.,False,False,True,True,PENDING_OPENEVIDENCE_AND_CLINICAL_REVIEW,PROVISIONAL_PENDING_CLINICAL_REVIEW
inf_lat_thickness,tricuspid_annular_plane_systolic_excursion,tricuspid_annular_plane_systolic_excursion,tricuspid_annular_plane_systolic_excursion,UNKNOWN,UNCERTAIN_REQUIRES_CLINICAL_REVIEW,No relationship has been adjudicated from authoritative raw metadata and clinical evidence.,False,False,True,True,PENDING_OPENEVIDENCE_AND_CLINICAL_REVIEW,PROVISIONAL_PENDING_CLINICAL_REVIEW
inf_lat_thickness,arch_diam,arch_diam,arch_diam,UNKNOWN,UNCERTAIN_REQUIRES_CLINICAL_REVIEW,No relationship has been adjudicated from authoritative raw metadata and clinical evidence.,False,False,True,True,PENDING_OPENEVIDENCE_AND_CLINICAL_REVIEW,PROVISIONAL_PENDING_CLINICAL_REVIEW
inf_lat_thickness,resting_dbp,resting_dbp,resting_dbp,UNKNOWN,UNCERTAIN_REQUIRES_CLINICAL_REVIEW,No relationship has been adjudicated from authoritative raw metadata and clinical evidence.,False,False,True,True,PENDING_OPENEVIDENCE_AND_CLINICAL_REVIEW,PROVISIONAL_PENDING_CLINICAL_REVIEW
inf_lat_thickness,resting_sbp,resting_sbp,resting_sbp,UNKNOWN,UNCERTAIN_REQUIRES_CLINICAL_REVIEW,No relationship has been adjudicated from authoritative raw metadata and clinical evidence.,False,False,True,True,PENDING_OPENEVIDENCE_AND_CLINICAL_REVIEW,PROVISIONAL_PENDING_CLINICAL_REVIEW
inf_lat_thickness,ivc_diam,ivc_diam,ivc_diam,UNKNOWN,UNCERTAIN_REQUIRES_CLINICAL_REVIEW,No relationship has been adjudicated from authoritative raw metadata and clinical evidence.,False,False,True,True,PENDING_OPENEVIDENCE_AND_CLINICAL_REVIEW,PROVISIONAL_PENDING_CLINICAL_REVIEW
inf_lat_thickness,lat_e_prime,lat_e_prime,lat_e_prime,UNKNOWN,UNCERTAIN_REQUIRES_CLINICAL_REVIEW,No relationship has been adjudicated from authoritative raw metadata and clinical evidence.,False,False,True,True,PENDING_OPENEVIDENCE_AND_CLINICAL_REVIEW,PROVISIONAL_PENDING_CLINICAL_REVIEW
mv_peak_a,lvef,lvef,lvef,UNKNOWN,UNCERTAIN_REQUIRES_CLINICAL_REVIEW,No relationship has been adjudicated from authoritative raw metadata and clinical evidence.,False,False,True,True,PENDING_OPENEVIDENCE_AND_CLINICAL_REVIEW,PROVISIONAL_PENDING_CLINICAL_REVIEW
mv_peak_a,fs,fs,fs,UNKNOWN,UNCERTAIN_REQUIRES_CLINICAL_REVIEW,No relationship has been adjudicated from authoritative raw metadata and clinical evidence.,False,False,True,True,PENDING_OPENEVIDENCE_AND_CLINICAL_REVIEW,PROVISIONAL_PENDING_CLINICAL_REVIEW
mv_peak_a,tr_mmhg,tr_mmhg,tr_mmhg,UNKNOWN,UNCERTAIN_REQUIRES_CLINICAL_REVIEW,No relationship has been adjudicated from authoritative raw metadata and clinical evidence.,False,False,True,True,PENDING_OPENEVIDENCE_AND_CLINICAL_REVIEW,PROVISIONAL_PENDING_CLINICAL_REVIEW
mv_peak_a,tricuspid_regurgitant_peak_velocity,tricuspid_regurgitant_peak_velocity,tricuspid_regurgitant_peak_velocity,UNKNOWN,UNCERTAIN_REQUIRES_CLINICAL_REVIEW,No relationship has been adjudicated from authoritative raw metadata and clinical evidence.,False,False,True,True,PENDING_OPENEVIDENCE_AND_CLINICAL_REVIEW,PROVISIONAL_PENDING_CLINICAL_REVIEW
mv_peak_a,left_ventricular_end_systolic_diameter,left_ventricular_end_systolic_diameter,left_ventricular_end_systolic_diameter,UNKNOWN,UNCERTAIN_REQUIRES_CLINICAL_REVIEW,No relationship has been adjudicated from authoritative raw metadata and clinical evidence.,False,False,True,True,PENDING_OPENEVIDENCE_AND_CLINICAL_REVIEW,PROVISIONAL_PENDING_CLINICAL_REVIEW
mv_peak_a,left_ventricular_end_diastolic_diameter,left_ventricular_end_diastolic_diameter,left_ventricular_end_diastolic_diameter,UNKNOWN,UNCERTAIN_REQUIRES_CLINICAL_REVIEW,No relationship has been adjudicated from authoritative raw metadata and clinical evidence.,False,False,True,True,PENDING_OPENEVIDENCE_AND_CLINICAL_REVIEW,PROVISIONAL_PENDING_CLINICAL_REVIEW
mv_peak_a,body_surface_area,body_surface_area,body_surface_area,UNKNOWN,UNCERTAIN_REQUIRES_CLINICAL_REVIEW,No relationship has been adjudicated from authoritative raw metadata and clinical evidence.,False,False,True,True,PENDING_OPENEVIDENCE_AND_CLINICAL_REVIEW,PROVISIONAL_PENDING_CLINICAL_REVIEW
mv_peak_a,height_cm,height_cm,height_cm,UNKNOWN,UNCERTAIN_REQUIRES_CLINICAL_REVIEW,No relationship has been adjudicated from authoritative raw metadata and clinical evidence.,False,False,True,True,PENDING_OPENEVIDENCE_AND_CLINICAL_REVIEW,PROVISIONAL_PENDING_CLINICAL_REVIEW
mv_peak_a,av_pk_vel,av_pk_vel,av_pk_vel,UNKNOWN,UNCERTAIN_REQUIRES_CLINICAL_REVIEW,No relationship has been adjudicated from authoritative raw metadata and clinical evidence.,False,False,True,True,PENDING_OPENEVIDENCE_AND_CLINICAL_REVIEW,PROVISIONAL_PENDING_CLINICAL_REVIEW
mv_peak_a,sept_e_prime,sept_e_prime,sept_e_prime,UNKNOWN,SAME_REPORT_CORRELATE,Both fields are provisionally assigned to the mitral_diastolic family; exact permissibility requires clinical review.,False,True,True,True,PROVISIONAL_FAMILY_TAXONOMY,PROVISIONAL_PENDING_CLINICAL_REVIEW
mv_peak_a,la_4ch_length,la_4ch_length,la_4ch_length,UNKNOWN,UNCERTAIN_REQUIRES_CLINICAL_REVIEW,No relationship has been adjudicated from authoritative raw metadata and clinical evidence.,False,False,True,True,PENDING_OPENEVIDENCE_AND_CLINICAL_REVIEW,PROVISIONAL_PENDING_CLINICAL_REVIEW
mv_peak_a,ra_length,ra_length,ra_length,UNKNOWN,UNCERTAIN_REQUIRES_CLINICAL_REVIEW,No relationship has been adjudicated from authoritative raw metadata and clinical evidence.,False,False,True,True,PENDING_OPENEVIDENCE_AND_CLINICAL_REVIEW,PROVISIONAL_PENDING_CLINICAL_REVIEW
mv_peak_a,la_dimen,la_dimen,la_dimen,UNKNOWN,UNCERTAIN_REQUIRES_CLINICAL_REVIEW,No relationship has been adjudicated from authoritative raw metadata and clinical evidence.,False,False,True,True,PENDING_OPENEVIDENCE_AND_CLINICAL_REVIEW,PROVISIONAL_PENDING_CLINICAL_REVIEW
mv_peak_a,sinus_diam,sinus_diam,sinus_diam,UNKNOWN,UNCERTAIN_REQUIRES_CLINICAL_REVIEW,No relationship has been adjudicated from authoritative raw metadata and clinical evidence.,False,False,True,True,PENDING_OPENEVIDENCE_AND_CLINICAL_REVIEW,PROVISIONAL_PENDING_CLINICAL_REVIEW
mv_peak_a,resting_hr,resting_hr,resting_hr,UNKNOWN,UNCERTAIN_REQUIRES_CLINICAL_REVIEW,No relationship has been adjudicated from authoritative raw metadata and clinical evidence.,False,False,True,True,PENDING_OPENEVIDENCE_AND_CLINICAL_REVIEW,PROVISIONAL_PENDING_CLINICAL_REVIEW
mv_peak_a,inf_lat_thickness,inf_lat_thickness,inf_lat_thickness,UNKNOWN,UNCERTAIN_REQUIRES_CLINICAL_REVIEW,No relationship has been adjudicated from authoritative raw metadata and clinical evidence.,False,False,True,True,PENDING_OPENEVIDENCE_AND_CLINICAL_REVIEW,PROVISIONAL_PENDING_CLINICAL_REVIEW
mv_peak_a,mv_peak_a,mv_peak_a,mv_peak_a,UNKNOWN,DIRECT_TARGET,Predictor canonical name equals the target canonical name.,False,False,True,True,SCHEMA_IDENTITY,CONFIRMED_SCHEMA_IDENTITY
mv_peak_a,mv_peak_e,mv_peak_e,mv_peak_e,UNKNOWN,SAME_REPORT_CORRELATE,Both fields are provisionally assigned to the mitral_diastolic family; exact permissibility requires clinical review.,False,True,True,True,PROVISIONAL_FAMILY_TAXONOMY,PROVISIONAL_PENDING_CLINICAL_REVIEW
mv_peak_a,septal_thickness,septal_thickness,septal_thickness,UNKNOWN,UNCERTAIN_REQUIRES_CLINICAL_REVIEW,No relationship has been adjudicated from authoritative raw metadata and clinical evidence.,False,False,True,True,PENDING_OPENEVIDENCE_AND_CLINICAL_REVIEW,PROVISIONAL_PENDING_CLINICAL_REVIEW
mv_peak_a,lvot_vti,lvot_vti,lvot_vti,UNKNOWN,UNCERTAIN_REQUIRES_CLINICAL_REVIEW,No relationship has been adjudicated from authoritative raw metadata and clinical evidence.,False,False,True,True,PENDING_OPENEVIDENCE_AND_CLINICAL_REVIEW,PROVISIONAL_PENDING_CLINICAL_REVIEW
mv_peak_a,ascending_aorta_diameter,ascending_aorta_diameter,ascending_aorta_diameter,UNKNOWN,UNCERTAIN_REQUIRES_CLINICAL_REVIEW,No relationship has been adjudicated from authoritative raw metadata and clinical evidence.,False,False,True,True,PENDING_OPENEVIDENCE_AND_CLINICAL_REVIEW,PROVISIONAL_PENDING_CLINICAL_REVIEW
mv_peak_a,rv_diam,rv_diam,rv_diam,UNKNOWN,UNCERTAIN_REQUIRES_CLINICAL_REVIEW,No relationship has been adjudicated from authoritative raw metadata and clinical evidence.,False,False,True,True,PENDING_OPENEVIDENCE_AND_CLINICAL_REVIEW,PROVISIONAL_PENDING_CLINICAL_REVIEW
mv_peak_a,lvot_diam,lvot_diam,lvot_diam,UNKNOWN,UNCERTAIN_REQUIRES_CLINICAL_REVIEW,No relationship has been adjudicated from authoritative raw metadata and clinical evidence.,False,False,True,True,PENDING_OPENEVIDENCE_AND_CLINICAL_REVIEW,PROVISIONAL_PENDING_CLINICAL_REVIEW
mv_peak_a,mitral_e_velocity,mitral_e_velocity,mitral_e_velocity,UNKNOWN,SAME_REPORT_CORRELATE,Both fields are provisionally assigned to the mitral_diastolic family; exact permissibility requires clinical review.,False,True,True,True,PROVISIONAL_FAMILY_TAXONOMY,PROVISIONAL_PENDING_CLINICAL_REVIEW
mv_peak_a,tricuspid_annular_plane_systolic_excursion,tricuspid_annular_plane_systolic_excursion,tricuspid_annular_plane_systolic_excursion,UNKNOWN,UNCERTAIN_REQUIRES_CLINICAL_REVIEW,No relationship has been adjudicated from authoritative raw metadata and clinical evidence.,False,False,True,True,PENDING_OPENEVIDENCE_AND_CLINICAL_REVIEW,PROVISIONAL_PENDING_CLINICAL_REVIEW
mv_peak_a,arch_diam,arch_diam,arch_diam,UNKNOWN,UNCERTAIN_REQUIRES_CLINICAL_REVIEW,No relationship has been adjudicated from authoritative raw metadata and clinical evidence.,False,False,True,True,PENDING_OPENEVIDENCE_AND_CLINICAL_REVIEW,PROVISIONAL_PENDING_CLINICAL_REVIEW
mv_peak_a,resting_dbp,resting_dbp,resting_dbp,UNKNOWN,UNCERTAIN_REQUIRES_CLINICAL_REVIEW,No relationship has been adjudicated from authoritative raw metadata and clinical evidence.,False,False,True,True,PENDING_OPENEVIDENCE_AND_CLINICAL_REVIEW,PROVISIONAL_PENDING_CLINICAL_REVIEW
mv_peak_a,resting_sbp,resting_sbp,resting_sbp,UNKNOWN,UNCERTAIN_REQUIRES_CLINICAL_REVIEW,No relationship has been adjudicated from authoritative raw metadata and clinical evidence.,False,False,True,True,PENDING_OPENEVIDENCE_AND_CLINICAL_REVIEW,PROVISIONAL_PENDING_CLINICAL_REVIEW
mv_peak_a,ivc_diam,ivc_diam,ivc_diam,UNKNOWN,UNCERTAIN_REQUIRES_CLINICAL_REVIEW,No relationship has been adjudicated from authoritative raw metadata and clinical evidence.,False,False,True,True,PENDING_OPENEVIDENCE_AND_CLINICAL_REVIEW,PROVISIONAL_PENDING_CLINICAL_REVIEW
mv_peak_a,lat_e_prime,lat_e_prime,lat_e_prime,UNKNOWN,SAME_REPORT_CORRELATE,Both fields are provisionally assigned to the mitral_diastolic family; exact permissibility requires clinical review.,False,True,True,True,PROVISIONAL_FAMILY_TAXONOMY,PROVISIONAL_PENDING_CLINICAL_REVIEW
mv_peak_e,lvef,lvef,lvef,UNKNOWN,UNCERTAIN_REQUIRES_CLINICAL_REVIEW,No relationship has been adjudicated from authoritative raw metadata and clinical evidence.,False,False,True,True,PENDING_OPENEVIDENCE_AND_CLINICAL_REVIEW,PROVISIONAL_PENDING_CLINICAL_REVIEW
mv_peak_e,fs,fs,fs,UNKNOWN,UNCERTAIN_REQUIRES_CLINICAL_REVIEW,No relationship has been adjudicated from authoritative raw metadata and clinical evidence.,False,False,True,True,PENDING_OPENEVIDENCE_AND_CLINICAL_REVIEW,PROVISIONAL_PENDING_CLINICAL_REVIEW
mv_peak_e,tr_mmhg,tr_mmhg,tr_mmhg,UNKNOWN,UNCERTAIN_REQUIRES_CLINICAL_REVIEW,No relationship has been adjudicated from authoritative raw metadata and clinical evidence.,False,False,True,True,PENDING_OPENEVIDENCE_AND_CLINICAL_REVIEW,PROVISIONAL_PENDING_CLINICAL_REVIEW
mv_peak_e,tricuspid_regurgitant_peak_velocity,tricuspid_regurgitant_peak_velocity,tricuspid_regurgitant_peak_velocity,UNKNOWN,UNCERTAIN_REQUIRES_CLINICAL_REVIEW,No relationship has been adjudicated from authoritative raw metadata and clinical evidence.,False,False,True,True,PENDING_OPENEVIDENCE_AND_CLINICAL_REVIEW,PROVISIONAL_PENDING_CLINICAL_REVIEW
mv_peak_e,left_ventricular_end_systolic_diameter,left_ventricular_end_systolic_diameter,left_ventricular_end_systolic_diameter,UNKNOWN,UNCERTAIN_REQUIRES_CLINICAL_REVIEW,No relationship has been adjudicated from authoritative raw metadata and clinical evidence.,False,False,True,True,PENDING_OPENEVIDENCE_AND_CLINICAL_REVIEW,PROVISIONAL_PENDING_CLINICAL_REVIEW
mv_peak_e,left_ventricular_end_diastolic_diameter,left_ventricular_end_diastolic_diameter,left_ventricular_end_diastolic_diameter,UNKNOWN,UNCERTAIN_REQUIRES_CLINICAL_REVIEW,No relationship has been adjudicated from authoritative raw metadata and clinical evidence.,False,False,True,True,PENDING_OPENEVIDENCE_AND_CLINICAL_REVIEW,PROVISIONAL_PENDING_CLINICAL_REVIEW
mv_peak_e,body_surface_area,body_surface_area,body_surface_area,UNKNOWN,UNCERTAIN_REQUIRES_CLINICAL_REVIEW,No relationship has been adjudicated from authoritative raw metadata and clinical evidence.,False,False,True,True,PENDING_OPENEVIDENCE_AND_CLINICAL_REVIEW,PROVISIONAL_PENDING_CLINICAL_REVIEW
mv_peak_e,height_cm,height_cm,height_cm,UNKNOWN,UNCERTAIN_REQUIRES_CLINICAL_REVIEW,No relationship has been adjudicated from authoritative raw metadata and clinical evidence.,False,False,True,True,PENDING_OPENEVIDENCE_AND_CLINICAL_REVIEW,PROVISIONAL_PENDING_CLINICAL_REVIEW
mv_peak_e,av_pk_vel,av_pk_vel,av_pk_vel,UNKNOWN,UNCERTAIN_REQUIRES_CLINICAL_REVIEW,No relationship has been adjudicated from authoritative raw metadata and clinical evidence.,False,False,True,True,PENDING_OPENEVIDENCE_AND_CLINICAL_REVIEW,PROVISIONAL_PENDING_CLINICAL_REVIEW
mv_peak_e,sept_e_prime,sept_e_prime,sept_e_prime,UNKNOWN,SAME_REPORT_CORRELATE,Both fields are provisionally assigned to the mitral_diastolic family; exact permissibility requires clinical review.,False,True,True,True,PROVISIONAL_FAMILY_TAXONOMY,PROVISIONAL_PENDING_CLINICAL_REVIEW
mv_peak_e,la_4ch_length,la_4ch_length,la_4ch_length,UNKNOWN,UNCERTAIN_REQUIRES_CLINICAL_REVIEW,No relationship has been adjudicated from authoritative raw metadata and clinical evidence.,False,False,True,True,PENDING_OPENEVIDENCE_AND_CLINICAL_REVIEW,PROVISIONAL_PENDING_CLINICAL_REVIEW
mv_peak_e,ra_length,ra_length,ra_length,UNKNOWN,UNCERTAIN_REQUIRES_CLINICAL_REVIEW,No relationship has been adjudicated from authoritative raw metadata and clinical evidence.,False,False,True,True,PENDING_OPENEVIDENCE_AND_CLINICAL_REVIEW,PROVISIONAL_PENDING_CLINICAL_REVIEW
mv_peak_e,la_dimen,la_dimen,la_dimen,UNKNOWN,UNCERTAIN_REQUIRES_CLINICAL_REVIEW,No relationship has been adjudicated from authoritative raw metadata and clinical evidence.,False,False,True,True,PENDING_OPENEVIDENCE_AND_CLINICAL_REVIEW,PROVISIONAL_PENDING_CLINICAL_REVIEW
mv_peak_e,sinus_diam,sinus_diam,sinus_diam,UNKNOWN,UNCERTAIN_REQUIRES_CLINICAL_REVIEW,No relationship has been adjudicated from authoritative raw metadata and clinical evidence.,False,False,True,True,PENDING_OPENEVIDENCE_AND_CLINICAL_REVIEW,PROVISIONAL_PENDING_CLINICAL_REVIEW
mv_peak_e,resting_hr,resting_hr,resting_hr,UNKNOWN,UNCERTAIN_REQUIRES_CLINICAL_REVIEW,No relationship has been adjudicated from authoritative raw metadata and clinical evidence.,False,False,True,True,PENDING_OPENEVIDENCE_AND_CLINICAL_REVIEW,PROVISIONAL_PENDING_CLINICAL_REVIEW
mv_peak_e,inf_lat_thickness,inf_lat_thickness,inf_lat_thickness,UNKNOWN,UNCERTAIN_REQUIRES_CLINICAL_REVIEW,No relationship has been adjudicated from authoritative raw metadata and clinical evidence.,False,False,True,True,PENDING_OPENEVIDENCE_AND_CLINICAL_REVIEW,PROVISIONAL_PENDING_CLINICAL_REVIEW
mv_peak_e,mv_peak_a,mv_peak_a,mv_peak_a,UNKNOWN,SAME_REPORT_CORRELATE,Both fields are provisionally assigned to the mitral_diastolic family; exact permissibility requires clinical review.,False,True,True,True,PROVISIONAL_FAMILY_TAXONOMY,PROVISIONAL_PENDING_CLINICAL_REVIEW
mv_peak_e,mv_peak_e,mv_peak_e,mv_peak_e,UNKNOWN,DIRECT_TARGET,Predictor canonical name equals the target canonical name.,False,False,True,True,SCHEMA_IDENTITY,CONFIRMED_SCHEMA_IDENTITY
mv_peak_e,septal_thickness,septal_thickness,septal_thickness,UNKNOWN,UNCERTAIN_REQUIRES_CLINICAL_REVIEW,No relationship has been adjudicated from authoritative raw metadata and clinical evidence.,False,False,True,True,PENDING_OPENEVIDENCE_AND_CLINICAL_REVIEW,PROVISIONAL_PENDING_CLINICAL_REVIEW
mv_peak_e,lvot_vti,lvot_vti,lvot_vti,UNKNOWN,UNCERTAIN_REQUIRES_CLINICAL_REVIEW,No relationship has been adjudicated from authoritative raw metadata and clinical evidence.,False,False,True,True,PENDING_OPENEVIDENCE_AND_CLINICAL_REVIEW,PROVISIONAL_PENDING_CLINICAL_REVIEW
mv_peak_e,ascending_aorta_diameter,ascending_aorta_diameter,ascending_aorta_diameter,UNKNOWN,UNCERTAIN_REQUIRES_CLINICAL_REVIEW,No relationship has been adjudicated from authoritative raw metadata and clinical evidence.,False,False,True,True,PENDING_OPENEVIDENCE_AND_CLINICAL_REVIEW,PROVISIONAL_PENDING_CLINICAL_REVIEW
mv_peak_e,rv_diam,rv_diam,rv_diam,UNKNOWN,UNCERTAIN_REQUIRES_CLINICAL_REVIEW,No relationship has been adjudicated from authoritative raw metadata and clinical evidence.,False,False,True,True,PENDING_OPENEVIDENCE_AND_CLINICAL_REVIEW,PROVISIONAL_PENDING_CLINICAL_REVIEW
mv_peak_e,lvot_diam,lvot_diam,lvot_diam,UNKNOWN,UNCERTAIN_REQUIRES_CLINICAL_REVIEW,No relationship has been adjudicated from authoritative raw metadata and clinical evidence.,False,False,True,True,PENDING_OPENEVIDENCE_AND_CLINICAL_REVIEW,PROVISIONAL_PENDING_CLINICAL_REVIEW
mv_peak_e,mitral_e_velocity,mitral_e_velocity,mitral_e_velocity,UNKNOWN,SYNONYM_OR_DUPLICATE,Apparent duplicate mitral inflow E-wave velocity exports; raw descriptions require confirmation.,False,False,True,True,PHASE0_REPO_AUDIT_PENDING_RAW_ADJUDICATION,PROVISIONAL_PENDING_CLINICAL_REVIEW
mv_peak_e,tricuspid_annular_plane_systolic_excursion,tricuspid_annular_plane_systolic_excursion,tricuspid_annular_plane_systolic_excursion,UNKNOWN,UNCERTAIN_REQUIRES_CLINICAL_REVIEW,No relationship has been adjudicated from authoritative raw metadata and clinical evidence.,False,False,True,True,PENDING_OPENEVIDENCE_AND_CLINICAL_REVIEW,PROVISIONAL_PENDING_CLINICAL_REVIEW
mv_peak_e,arch_diam,arch_diam,arch_diam,UNKNOWN,UNCERTAIN_REQUIRES_CLINICAL_REVIEW,No relationship has been adjudicated from authoritative raw metadata and clinical evidence.,False,False,True,True,PENDING_OPENEVIDENCE_AND_CLINICAL_REVIEW,PROVISIONAL_PENDING_CLINICAL_REVIEW
mv_peak_e,resting_dbp,resting_dbp,resting_dbp,UNKNOWN,UNCERTAIN_REQUIRES_CLINICAL_REVIEW,No relationship has been adjudicated from authoritative raw metadata and clinical evidence.,False,False,True,True,PENDING_OPENEVIDENCE_AND_CLINICAL_REVIEW,PROVISIONAL_PENDING_CLINICAL_REVIEW
mv_peak_e,resting_sbp,resting_sbp,resting_sbp,UNKNOWN,UNCERTAIN_REQUIRES_CLINICAL_REVIEW,No relationship has been adjudicated from authoritative raw metadata and clinical evidence.,False,False,True,True,PENDING_OPENEVIDENCE_AND_CLINICAL_REVIEW,PROVISIONAL_PENDING_CLINICAL_REVIEW
mv_peak_e,ivc_diam,ivc_diam,ivc_diam,UNKNOWN,UNCERTAIN_REQUIRES_CLINICAL_REVIEW,No relationship has been adjudicated from authoritative raw metadata and clinical evidence.,False,False,True,True,PENDING_OPENEVIDENCE_AND_CLINICAL_REVIEW,PROVISIONAL_PENDING_CLINICAL_REVIEW
mv_peak_e,lat_e_prime,lat_e_prime,lat_e_prime,UNKNOWN,SAME_REPORT_CORRELATE,Both fields are provisionally assigned to the mitral_diastolic family; exact permissibility requires clinical review.,False,True,True,True,PROVISIONAL_FAMILY_TAXONOMY,PROVISIONAL_PENDING_CLINICAL_REVIEW
septal_thickness,lvef,lvef,lvef,UNKNOWN,UNCERTAIN_REQUIRES_CLINICAL_REVIEW,No relationship has been adjudicated from authoritative raw metadata and clinical evidence.,False,False,True,True,PENDING_OPENEVIDENCE_AND_CLINICAL_REVIEW,PROVISIONAL_PENDING_CLINICAL_REVIEW
septal_thickness,fs,fs,fs,UNKNOWN,UNCERTAIN_REQUIRES_CLINICAL_REVIEW,No relationship has been adjudicated from authoritative raw metadata and clinical evidence.,False,False,True,True,PENDING_OPENEVIDENCE_AND_CLINICAL_REVIEW,PROVISIONAL_PENDING_CLINICAL_REVIEW
septal_thickness,tr_mmhg,tr_mmhg,tr_mmhg,UNKNOWN,UNCERTAIN_REQUIRES_CLINICAL_REVIEW,No relationship has been adjudicated from authoritative raw metadata and clinical evidence.,False,False,True,True,PENDING_OPENEVIDENCE_AND_CLINICAL_REVIEW,PROVISIONAL_PENDING_CLINICAL_REVIEW
septal_thickness,tricuspid_regurgitant_peak_velocity,tricuspid_regurgitant_peak_velocity,tricuspid_regurgitant_peak_velocity,UNKNOWN,UNCERTAIN_REQUIRES_CLINICAL_REVIEW,No relationship has been adjudicated from authoritative raw metadata and clinical evidence.,False,False,True,True,PENDING_OPENEVIDENCE_AND_CLINICAL_REVIEW,PROVISIONAL_PENDING_CLINICAL_REVIEW
septal_thickness,left_ventricular_end_systolic_diameter,left_ventricular_end_systolic_diameter,left_ventricular_end_systolic_diameter,UNKNOWN,UNCERTAIN_REQUIRES_CLINICAL_REVIEW,No relationship has been adjudicated from authoritative raw metadata and clinical evidence.,False,False,True,True,PENDING_OPENEVIDENCE_AND_CLINICAL_REVIEW,PROVISIONAL_PENDING_CLINICAL_REVIEW
septal_thickness,left_ventricular_end_diastolic_diameter,left_ventricular_end_diastolic_diameter,left_ventricular_end_diastolic_diameter,UNKNOWN,NEAR_DETERMINISTIC_CLINICAL_DERIVATIVE,Septal thickness and LV diastolic diameter contribute to LV mass formulas.,False,False,True,True,STANDARD_CLINICAL_FORMULA_PENDING_CLINICAL_CITATION,PROVISIONAL_PENDING_CLINICAL_REVIEW
septal_thickness,body_surface_area,body_surface_area,body_surface_area,UNKNOWN,UNCERTAIN_REQUIRES_CLINICAL_REVIEW,No relationship has been adjudicated from authoritative raw metadata and clinical evidence.,False,False,True,True,PENDING_OPENEVIDENCE_AND_CLINICAL_REVIEW,PROVISIONAL_PENDING_CLINICAL_REVIEW
septal_thickness,height_cm,height_cm,height_cm,UNKNOWN,UNCERTAIN_REQUIRES_CLINICAL_REVIEW,No relationship has been adjudicated from authoritative raw metadata and clinical evidence.,False,False,True,True,PENDING_OPENEVIDENCE_AND_CLINICAL_REVIEW,PROVISIONAL_PENDING_CLINICAL_REVIEW
septal_thickness,av_pk_vel,av_pk_vel,av_pk_vel,UNKNOWN,UNCERTAIN_REQUIRES_CLINICAL_REVIEW,No relationship has been adjudicated from authoritative raw metadata and clinical evidence.,False,False,True,True,PENDING_OPENEVIDENCE_AND_CLINICAL_REVIEW,PROVISIONAL_PENDING_CLINICAL_REVIEW
septal_thickness,sept_e_prime,sept_e_prime,sept_e_prime,UNKNOWN,UNCERTAIN_REQUIRES_CLINICAL_REVIEW,No relationship has been adjudicated from authoritative raw metadata and clinical evidence.,False,False,True,True,PENDING_OPENEVIDENCE_AND_CLINICAL_REVIEW,PROVISIONAL_PENDING_CLINICAL_REVIEW
septal_thickness,la_4ch_length,la_4ch_length,la_4ch_length,UNKNOWN,UNCERTAIN_REQUIRES_CLINICAL_REVIEW,No relationship has been adjudicated from authoritative raw metadata and clinical evidence.,False,False,True,True,PENDING_OPENEVIDENCE_AND_CLINICAL_REVIEW,PROVISIONAL_PENDING_CLINICAL_REVIEW
septal_thickness,ra_length,ra_length,ra_length,UNKNOWN,UNCERTAIN_REQUIRES_CLINICAL_REVIEW,No relationship has been adjudicated from authoritative raw metadata and clinical evidence.,False,False,True,True,PENDING_OPENEVIDENCE_AND_CLINICAL_REVIEW,PROVISIONAL_PENDING_CLINICAL_REVIEW
septal_thickness,la_dimen,la_dimen,la_dimen,UNKNOWN,UNCERTAIN_REQUIRES_CLINICAL_REVIEW,No relationship has been adjudicated from authoritative raw metadata and clinical evidence.,False,False,True,True,PENDING_OPENEVIDENCE_AND_CLINICAL_REVIEW,PROVISIONAL_PENDING_CLINICAL_REVIEW
septal_thickness,sinus_diam,sinus_diam,sinus_diam,UNKNOWN,UNCERTAIN_REQUIRES_CLINICAL_REVIEW,No relationship has been adjudicated from authoritative raw metadata and clinical evidence.,False,False,True,True,PENDING_OPENEVIDENCE_AND_CLINICAL_REVIEW,PROVISIONAL_PENDING_CLINICAL_REVIEW
septal_thickness,resting_hr,resting_hr,resting_hr,UNKNOWN,UNCERTAIN_REQUIRES_CLINICAL_REVIEW,No relationship has been adjudicated from authoritative raw metadata and clinical evidence.,False,False,True,True,PENDING_OPENEVIDENCE_AND_CLINICAL_REVIEW,PROVISIONAL_PENDING_CLINICAL_REVIEW
septal_thickness,inf_lat_thickness,inf_lat_thickness,inf_lat_thickness,UNKNOWN,NEAR_DETERMINISTIC_CLINICAL_DERIVATIVE,"Both wall thicknesses, with LV diameter, contribute to LV mass formulas.",False,False,True,True,STANDARD_CLINICAL_FORMULA_PENDING_CLINICAL_CITATION,PROVISIONAL_PENDING_CLINICAL_REVIEW
septal_thickness,mv_peak_a,mv_peak_a,mv_peak_a,UNKNOWN,UNCERTAIN_REQUIRES_CLINICAL_REVIEW,No relationship has been adjudicated from authoritative raw metadata and clinical evidence.,False,False,True,True,PENDING_OPENEVIDENCE_AND_CLINICAL_REVIEW,PROVISIONAL_PENDING_CLINICAL_REVIEW
septal_thickness,mv_peak_e,mv_peak_e,mv_peak_e,UNKNOWN,UNCERTAIN_REQUIRES_CLINICAL_REVIEW,No relationship has been adjudicated from authoritative raw metadata and clinical evidence.,False,False,True,True,PENDING_OPENEVIDENCE_AND_CLINICAL_REVIEW,PROVISIONAL_PENDING_CLINICAL_REVIEW
septal_thickness,septal_thickness,septal_thickness,septal_thickness,UNKNOWN,DIRECT_TARGET,Predictor canonical name equals the target canonical name.,False,False,True,True,SCHEMA_IDENTITY,CONFIRMED_SCHEMA_IDENTITY
septal_thickness,lvot_vti,lvot_vti,lvot_vti,UNKNOWN,UNCERTAIN_REQUIRES_CLINICAL_REVIEW,No relationship has been adjudicated from authoritative raw metadata and clinical evidence.,False,False,True,True,PENDING_OPENEVIDENCE_AND_CLINICAL_REVIEW,PROVISIONAL_PENDING_CLINICAL_REVIEW
septal_thickness,ascending_aorta_diameter,ascending_aorta_diameter,ascending_aorta_diameter,UNKNOWN,UNCERTAIN_REQUIRES_CLINICAL_REVIEW,No relationship has been adjudicated from authoritative raw metadata and clinical evidence.,False,False,True,True,PENDING_OPENEVIDENCE_AND_CLINICAL_REVIEW,PROVISIONAL_PENDING_CLINICAL_REVIEW
septal_thickness,rv_diam,rv_diam,rv_diam,UNKNOWN,UNCERTAIN_REQUIRES_CLINICAL_REVIEW,No relationship has been adjudicated from authoritative raw metadata and clinical evidence.,False,False,True,True,PENDING_OPENEVIDENCE_AND_CLINICAL_REVIEW,PROVISIONAL_PENDING_CLINICAL_REVIEW
septal_thickness,lvot_diam,lvot_diam,lvot_diam,UNKNOWN,UNCERTAIN_REQUIRES_CLINICAL_REVIEW,No relationship has been adjudicated from authoritative raw metadata and clinical evidence.,False,False,True,True,PENDING_OPENEVIDENCE_AND_CLINICAL_REVIEW,PROVISIONAL_PENDING_CLINICAL_REVIEW
septal_thickness,mitral_e_velocity,mitral_e_velocity,mitral_e_velocity,UNKNOWN,UNCERTAIN_REQUIRES_CLINICAL_REVIEW,No relationship has been adjudicated from authoritative raw metadata and clinical evidence.,False,False,True,True,PENDING_OPENEVIDENCE_AND_CLINICAL_REVIEW,PROVISIONAL_PENDING_CLINICAL_REVIEW
septal_thickness,tricuspid_annular_plane_systolic_excursion,tricuspid_annular_plane_systolic_excursion,tricuspid_annular_plane_systolic_excursion,UNKNOWN,UNCERTAIN_REQUIRES_CLINICAL_REVIEW,No relationship has been adjudicated from authoritative raw metadata and clinical evidence.,False,False,True,True,PENDING_OPENEVIDENCE_AND_CLINICAL_REVIEW,PROVISIONAL_PENDING_CLINICAL_REVIEW
septal_thickness,arch_diam,arch_diam,arch_diam,UNKNOWN,UNCERTAIN_REQUIRES_CLINICAL_REVIEW,No relationship has been adjudicated from authoritative raw metadata and clinical evidence.,False,False,True,True,PENDING_OPENEVIDENCE_AND_CLINICAL_REVIEW,PROVISIONAL_PENDING_CLINICAL_REVIEW
septal_thickness,resting_dbp,resting_dbp,resting_dbp,UNKNOWN,UNCERTAIN_REQUIRES_CLINICAL_REVIEW,No relationship has been adjudicated from authoritative raw metadata and clinical evidence.,False,False,True,True,PENDING_OPENEVIDENCE_AND_CLINICAL_REVIEW,PROVISIONAL_PENDING_CLINICAL_REVIEW
septal_thickness,resting_sbp,resting_sbp,resting_sbp,UNKNOWN,UNCERTAIN_REQUIRES_CLINICAL_REVIEW,No relationship has been adjudicated from authoritative raw metadata and clinical evidence.,False,False,True,True,PENDING_OPENEVIDENCE_AND_CLINICAL_REVIEW,PROVISIONAL_PENDING_CLINICAL_REVIEW
septal_thickness,ivc_diam,ivc_diam,ivc_diam,UNKNOWN,UNCERTAIN_REQUIRES_CLINICAL_REVIEW,No relationship has been adjudicated from authoritative raw metadata and clinical evidence.,False,False,True,True,PENDING_OPENEVIDENCE_AND_CLINICAL_REVIEW,PROVISIONAL_PENDING_CLINICAL_REVIEW
septal_thickness,lat_e_prime,lat_e_prime,lat_e_prime,UNKNOWN,UNCERTAIN_REQUIRES_CLINICAL_REVIEW,No relationship has been adjudicated from authoritative raw metadata and clinical evidence.,False,False,True,True,PENDING_OPENEVIDENCE_AND_CLINICAL_REVIEW,PROVISIONAL_PENDING_CLINICAL_REVIEW
lvot_vti,lvef,lvef,lvef,UNKNOWN,UNCERTAIN_REQUIRES_CLINICAL_REVIEW,No relationship has been adjudicated from authoritative raw metadata and clinical evidence.,False,False,True,True,PENDING_OPENEVIDENCE_AND_CLINICAL_REVIEW,PROVISIONAL_PENDING_CLINICAL_REVIEW
lvot_vti,fs,fs,fs,UNKNOWN,UNCERTAIN_REQUIRES_CLINICAL_REVIEW,No relationship has been adjudicated from authoritative raw metadata and clinical evidence.,False,False,True,True,PENDING_OPENEVIDENCE_AND_CLINICAL_REVIEW,PROVISIONAL_PENDING_CLINICAL_REVIEW
lvot_vti,tr_mmhg,tr_mmhg,tr_mmhg,UNKNOWN,UNCERTAIN_REQUIRES_CLINICAL_REVIEW,No relationship has been adjudicated from authoritative raw metadata and clinical evidence.,False,False,True,True,PENDING_OPENEVIDENCE_AND_CLINICAL_REVIEW,PROVISIONAL_PENDING_CLINICAL_REVIEW
lvot_vti,tricuspid_regurgitant_peak_velocity,tricuspid_regurgitant_peak_velocity,tricuspid_regurgitant_peak_velocity,UNKNOWN,UNCERTAIN_REQUIRES_CLINICAL_REVIEW,No relationship has been adjudicated from authoritative raw metadata and clinical evidence.,False,False,True,True,PENDING_OPENEVIDENCE_AND_CLINICAL_REVIEW,PROVISIONAL_PENDING_CLINICAL_REVIEW
lvot_vti,left_ventricular_end_systolic_diameter,left_ventricular_end_systolic_diameter,left_ventricular_end_systolic_diameter,UNKNOWN,UNCERTAIN_REQUIRES_CLINICAL_REVIEW,No relationship has been adjudicated from authoritative raw metadata and clinical evidence.,False,False,True,True,PENDING_OPENEVIDENCE_AND_CLINICAL_REVIEW,PROVISIONAL_PENDING_CLINICAL_REVIEW
lvot_vti,left_ventricular_end_diastolic_diameter,left_ventricular_end_diastolic_diameter,left_ventricular_end_diastolic_diameter,UNKNOWN,UNCERTAIN_REQUIRES_CLINICAL_REVIEW,No relationship has been adjudicated from authoritative raw metadata and clinical evidence.,False,False,True,True,PENDING_OPENEVIDENCE_AND_CLINICAL_REVIEW,PROVISIONAL_PENDING_CLINICAL_REVIEW
lvot_vti,body_surface_area,body_surface_area,body_surface_area,UNKNOWN,UNCERTAIN_REQUIRES_CLINICAL_REVIEW,No relationship has been adjudicated from authoritative raw metadata and clinical evidence.,False,False,True,True,PENDING_OPENEVIDENCE_AND_CLINICAL_REVIEW,PROVISIONAL_PENDING_CLINICAL_REVIEW
lvot_vti,height_cm,height_cm,height_cm,UNKNOWN,UNCERTAIN_REQUIRES_CLINICAL_REVIEW,No relationship has been adjudicated from authoritative raw metadata and clinical evidence.,False,False,True,True,PENDING_OPENEVIDENCE_AND_CLINICAL_REVIEW,PROVISIONAL_PENDING_CLINICAL_REVIEW
lvot_vti,av_pk_vel,av_pk_vel,av_pk_vel,UNKNOWN,SAME_REPORT_CORRELATE,Both fields are provisionally assigned to the aortic_valve_flow family; exact permissibility requires clinical review.,False,True,True,True,PROVISIONAL_FAMILY_TAXONOMY,PROVISIONAL_PENDING_CLINICAL_REVIEW
lvot_vti,sept_e_prime,sept_e_prime,sept_e_prime,UNKNOWN,UNCERTAIN_REQUIRES_CLINICAL_REVIEW,No relationship has been adjudicated from authoritative raw metadata and clinical evidence.,False,False,True,True,PENDING_OPENEVIDENCE_AND_CLINICAL_REVIEW,PROVISIONAL_PENDING_CLINICAL_REVIEW
lvot_vti,la_4ch_length,la_4ch_length,la_4ch_length,UNKNOWN,UNCERTAIN_REQUIRES_CLINICAL_REVIEW,No relationship has been adjudicated from authoritative raw metadata and clinical evidence.,False,False,True,True,PENDING_OPENEVIDENCE_AND_CLINICAL_REVIEW,PROVISIONAL_PENDING_CLINICAL_REVIEW
lvot_vti,ra_length,ra_length,ra_length,UNKNOWN,UNCERTAIN_REQUIRES_CLINICAL_REVIEW,No relationship has been adjudicated from authoritative raw metadata and clinical evidence.,False,False,True,True,PENDING_OPENEVIDENCE_AND_CLINICAL_REVIEW,PROVISIONAL_PENDING_CLINICAL_REVIEW
lvot_vti,la_dimen,la_dimen,la_dimen,UNKNOWN,UNCERTAIN_REQUIRES_CLINICAL_REVIEW,No relationship has been adjudicated from authoritative raw metadata and clinical evidence.,False,False,True,True,PENDING_OPENEVIDENCE_AND_CLINICAL_REVIEW,PROVISIONAL_PENDING_CLINICAL_REVIEW
lvot_vti,sinus_diam,sinus_diam,sinus_diam,UNKNOWN,UNCERTAIN_REQUIRES_CLINICAL_REVIEW,No relationship has been adjudicated from authoritative raw metadata and clinical evidence.,False,False,True,True,PENDING_OPENEVIDENCE_AND_CLINICAL_REVIEW,PROVISIONAL_PENDING_CLINICAL_REVIEW
lvot_vti,resting_hr,resting_hr,resting_hr,UNKNOWN,NEAR_DETERMINISTIC_CLINICAL_DERIVATIVE,LVOT VTI contributes to stroke volume and heart rate converts stroke volume to cardiac output.,False,False,True,True,STANDARD_CLINICAL_FORMULA_PENDING_CLINICAL_CITATION,PROVISIONAL_PENDING_CLINICAL_REVIEW
lvot_vti,inf_lat_thickness,inf_lat_thickness,inf_lat_thickness,UNKNOWN,UNCERTAIN_REQUIRES_CLINICAL_REVIEW,No relationship has been adjudicated from authoritative raw metadata and clinical evidence.,False,False,True,True,PENDING_OPENEVIDENCE_AND_CLINICAL_REVIEW,PROVISIONAL_PENDING_CLINICAL_REVIEW
lvot_vti,mv_peak_a,mv_peak_a,mv_peak_a,UNKNOWN,UNCERTAIN_REQUIRES_CLINICAL_REVIEW,No relationship has been adjudicated from authoritative raw metadata and clinical evidence.,False,False,True,True,PENDING_OPENEVIDENCE_AND_CLINICAL_REVIEW,PROVISIONAL_PENDING_CLINICAL_REVIEW
lvot_vti,mv_peak_e,mv_peak_e,mv_peak_e,UNKNOWN,UNCERTAIN_REQUIRES_CLINICAL_REVIEW,No relationship has been adjudicated from authoritative raw metadata and clinical evidence.,False,False,True,True,PENDING_OPENEVIDENCE_AND_CLINICAL_REVIEW,PROVISIONAL_PENDING_CLINICAL_REVIEW
lvot_vti,septal_thickness,septal_thickness,septal_thickness,UNKNOWN,UNCERTAIN_REQUIRES_CLINICAL_REVIEW,No relationship has been adjudicated from authoritative raw metadata and clinical evidence.,False,False,True,True,PENDING_OPENEVIDENCE_AND_CLINICAL_REVIEW,PROVISIONAL_PENDING_CLINICAL_REVIEW
lvot_vti,lvot_vti,lvot_vti,lvot_vti,UNKNOWN,DIRECT_TARGET,Predictor canonical name equals the target canonical name.,False,False,True,True,SCHEMA_IDENTITY,CONFIRMED_SCHEMA_IDENTITY
lvot_vti,ascending_aorta_diameter,ascending_aorta_diameter,ascending_aorta_diameter,UNKNOWN,UNCERTAIN_REQUIRES_CLINICAL_REVIEW,No relationship has been adjudicated from authoritative raw metadata and clinical evidence.,False,False,True,True,PENDING_OPENEVIDENCE_AND_CLINICAL_REVIEW,PROVISIONAL_PENDING_CLINICAL_REVIEW
lvot_vti,rv_diam,rv_diam,rv_diam,UNKNOWN,UNCERTAIN_REQUIRES_CLINICAL_REVIEW,No relationship has been adjudicated from authoritative raw metadata and clinical evidence.,False,False,True,True,PENDING_OPENEVIDENCE_AND_CLINICAL_REVIEW,PROVISIONAL_PENDING_CLINICAL_REVIEW
lvot_vti,lvot_diam,lvot_diam,lvot_diam,UNKNOWN,NEAR_DETERMINISTIC_CLINICAL_DERIVATIVE,LVOT diameter determines cross-sectional area; area times LVOT VTI determines stroke volume.,False,False,True,True,STANDARD_CLINICAL_FORMULA_PENDING_CLINICAL_CITATION,PROVISIONAL_PENDING_CLINICAL_REVIEW
lvot_vti,mitral_e_velocity,mitral_e_velocity,mitral_e_velocity,UNKNOWN,UNCERTAIN_REQUIRES_CLINICAL_REVIEW,No relationship has been adjudicated from authoritative raw metadata and clinical evidence.,False,False,True,True,PENDING_OPENEVIDENCE_AND_CLINICAL_REVIEW,PROVISIONAL_PENDING_CLINICAL_REVIEW
lvot_vti,tricuspid_annular_plane_systolic_excursion,tricuspid_annular_plane_systolic_excursion,tricuspid_annular_plane_systolic_excursion,UNKNOWN,UNCERTAIN_REQUIRES_CLINICAL_REVIEW,No relationship has been adjudicated from authoritative raw metadata and clinical evidence.,False,False,True,True,PENDING_OPENEVIDENCE_AND_CLINICAL_REVIEW,PROVISIONAL_PENDING_CLINICAL_REVIEW
lvot_vti,arch_diam,arch_diam,arch_diam,UNKNOWN,UNCERTAIN_REQUIRES_CLINICAL_REVIEW,No relationship has been adjudicated from authoritative raw metadata and clinical evidence.,False,False,True,True,PENDING_OPENEVIDENCE_AND_CLINICAL_REVIEW,PROVISIONAL_PENDING_CLINICAL_REVIEW
lvot_vti,resting_dbp,resting_dbp,resting_dbp,UNKNOWN,UNCERTAIN_REQUIRES_CLINICAL_REVIEW,No relationship has been adjudicated from authoritative raw metadata and clinical evidence.,False,False,True,True,PENDING_OPENEVIDENCE_AND_CLINICAL_REVIEW,PROVISIONAL_PENDING_CLINICAL_REVIEW
lvot_vti,resting_sbp,resting_sbp,resting_sbp,UNKNOWN,UNCERTAIN_REQUIRES_CLINICAL_REVIEW,No relationship has been adjudicated from authoritative raw metadata and clinical evidence.,False,False,True,True,PENDING_OPENEVIDENCE_AND_CLINICAL_REVIEW,PROVISIONAL_PENDING_CLINICAL_REVIEW
lvot_vti,ivc_diam,ivc_diam,ivc_diam,UNKNOWN,UNCERTAIN_REQUIRES_CLINICAL_REVIEW,No relationship has been adjudicated from authoritative raw metadata and clinical evidence.,False,False,True,True,PENDING_OPENEVIDENCE_AND_CLINICAL_REVIEW,PROVISIONAL_PENDING_CLINICAL_REVIEW
lvot_vti,lat_e_prime,lat_e_prime,lat_e_prime,UNKNOWN,UNCERTAIN_REQUIRES_CLINICAL_REVIEW,No relationship has been adjudicated from authoritative raw metadata and clinical evidence.,False,False,True,True,PENDING_OPENEVIDENCE_AND_CLINICAL_REVIEW,PROVISIONAL_PENDING_CLINICAL_REVIEW
ascending_aorta_diameter,lvef,lvef,lvef,UNKNOWN,UNCERTAIN_REQUIRES_CLINICAL_REVIEW,No relationship has been adjudicated from authoritative raw metadata and clinical evidence.,False,False,True,True,PENDING_OPENEVIDENCE_AND_CLINICAL_REVIEW,PROVISIONAL_PENDING_CLINICAL_REVIEW
ascending_aorta_diameter,fs,fs,fs,UNKNOWN,UNCERTAIN_REQUIRES_CLINICAL_REVIEW,No relationship has been adjudicated from authoritative raw metadata and clinical evidence.,False,False,True,True,PENDING_OPENEVIDENCE_AND_CLINICAL_REVIEW,PROVISIONAL_PENDING_CLINICAL_REVIEW
ascending_aorta_diameter,tr_mmhg,tr_mmhg,tr_mmhg,UNKNOWN,UNCERTAIN_REQUIRES_CLINICAL_REVIEW,No relationship has been adjudicated from authoritative raw metadata and clinical evidence.,False,False,True,True,PENDING_OPENEVIDENCE_AND_CLINICAL_REVIEW,PROVISIONAL_PENDING_CLINICAL_REVIEW
ascending_aorta_diameter,tricuspid_regurgitant_peak_velocity,tricuspid_regurgitant_peak_velocity,tricuspid_regurgitant_peak_velocity,UNKNOWN,UNCERTAIN_REQUIRES_CLINICAL_REVIEW,No relationship has been adjudicated from authoritative raw metadata and clinical evidence.,False,False,True,True,PENDING_OPENEVIDENCE_AND_CLINICAL_REVIEW,PROVISIONAL_PENDING_CLINICAL_REVIEW
ascending_aorta_diameter,left_ventricular_end_systolic_diameter,left_ventricular_end_systolic_diameter,left_ventricular_end_systolic_diameter,UNKNOWN,UNCERTAIN_REQUIRES_CLINICAL_REVIEW,No relationship has been adjudicated from authoritative raw metadata and clinical evidence.,False,False,True,True,PENDING_OPENEVIDENCE_AND_CLINICAL_REVIEW,PROVISIONAL_PENDING_CLINICAL_REVIEW
ascending_aorta_diameter,left_ventricular_end_diastolic_diameter,left_ventricular_end_diastolic_diameter,left_ventricular_end_diastolic_diameter,UNKNOWN,UNCERTAIN_REQUIRES_CLINICAL_REVIEW,No relationship has been adjudicated from authoritative raw metadata and clinical evidence.,False,False,True,True,PENDING_OPENEVIDENCE_AND_CLINICAL_REVIEW,PROVISIONAL_PENDING_CLINICAL_REVIEW
ascending_aorta_diameter,body_surface_area,body_surface_area,body_surface_area,UNKNOWN,UNCERTAIN_REQUIRES_CLINICAL_REVIEW,No relationship has been adjudicated from authoritative raw metadata and clinical evidence.,False,False,True,True,PENDING_OPENEVIDENCE_AND_CLINICAL_REVIEW,PROVISIONAL_PENDING_CLINICAL_REVIEW
ascending_aorta_diameter,height_cm,height_cm,height_cm,UNKNOWN,UNCERTAIN_REQUIRES_CLINICAL_REVIEW,No relationship has been adjudicated from authoritative raw metadata and clinical evidence.,False,False,True,True,PENDING_OPENEVIDENCE_AND_CLINICAL_REVIEW,PROVISIONAL_PENDING_CLINICAL_REVIEW
ascending_aorta_diameter,av_pk_vel,av_pk_vel,av_pk_vel,UNKNOWN,UNCERTAIN_REQUIRES_CLINICAL_REVIEW,No relationship has been adjudicated from authoritative raw metadata and clinical evidence.,False,False,True,True,PENDING_OPENEVIDENCE_AND_CLINICAL_REVIEW,PROVISIONAL_PENDING_CLINICAL_REVIEW
ascending_aorta_diameter,sept_e_prime,sept_e_prime,sept_e_prime,UNKNOWN,UNCERTAIN_REQUIRES_CLINICAL_REVIEW,No relationship has been adjudicated from authoritative raw metadata and clinical evidence.,False,False,True,True,PENDING_OPENEVIDENCE_AND_CLINICAL_REVIEW,PROVISIONAL_PENDING_CLINICAL_REVIEW
ascending_aorta_diameter,la_4ch_length,la_4ch_length,la_4ch_length,UNKNOWN,UNCERTAIN_REQUIRES_CLINICAL_REVIEW,No relationship has been adjudicated from authoritative raw metadata and clinical evidence.,False,False,True,True,PENDING_OPENEVIDENCE_AND_CLINICAL_REVIEW,PROVISIONAL_PENDING_CLINICAL_REVIEW
ascending_aorta_diameter,ra_length,ra_length,ra_length,UNKNOWN,UNCERTAIN_REQUIRES_CLINICAL_REVIEW,No relationship has been adjudicated from authoritative raw metadata and clinical evidence.,False,False,True,True,PENDING_OPENEVIDENCE_AND_CLINICAL_REVIEW,PROVISIONAL_PENDING_CLINICAL_REVIEW
ascending_aorta_diameter,la_dimen,la_dimen,la_dimen,UNKNOWN,UNCERTAIN_REQUIRES_CLINICAL_REVIEW,No relationship has been adjudicated from authoritative raw metadata and clinical evidence.,False,False,True,True,PENDING_OPENEVIDENCE_AND_CLINICAL_REVIEW,PROVISIONAL_PENDING_CLINICAL_REVIEW
ascending_aorta_diameter,sinus_diam,sinus_diam,sinus_diam,UNKNOWN,SAME_REPORT_CORRELATE,Both fields are provisionally assigned to the aortic_geometry family; exact permissibility requires clinical review.,False,True,True,True,PROVISIONAL_FAMILY_TAXONOMY,PROVISIONAL_PENDING_CLINICAL_REVIEW
ascending_aorta_diameter,resting_hr,resting_hr,resting_hr,UNKNOWN,UNCERTAIN_REQUIRES_CLINICAL_REVIEW,No relationship has been adjudicated from authoritative raw metadata and clinical evidence.,False,False,True,True,PENDING_OPENEVIDENCE_AND_CLINICAL_REVIEW,PROVISIONAL_PENDING_CLINICAL_REVIEW
ascending_aorta_diameter,inf_lat_thickness,inf_lat_thickness,inf_lat_thickness,UNKNOWN,UNCERTAIN_REQUIRES_CLINICAL_REVIEW,No relationship has been adjudicated from authoritative raw metadata and clinical evidence.,False,False,True,True,PENDING_OPENEVIDENCE_AND_CLINICAL_REVIEW,PROVISIONAL_PENDING_CLINICAL_REVIEW
ascending_aorta_diameter,mv_peak_a,mv_peak_a,mv_peak_a,UNKNOWN,UNCERTAIN_REQUIRES_CLINICAL_REVIEW,No relationship has been adjudicated from authoritative raw metadata and clinical evidence.,False,False,True,True,PENDING_OPENEVIDENCE_AND_CLINICAL_REVIEW,PROVISIONAL_PENDING_CLINICAL_REVIEW
ascending_aorta_diameter,mv_peak_e,mv_peak_e,mv_peak_e,UNKNOWN,UNCERTAIN_REQUIRES_CLINICAL_REVIEW,No relationship has been adjudicated from authoritative raw metadata and clinical evidence.,False,False,True,True,PENDING_OPENEVIDENCE_AND_CLINICAL_REVIEW,PROVISIONAL_PENDING_CLINICAL_REVIEW
ascending_aorta_diameter,septal_thickness,septal_thickness,septal_thickness,UNKNOWN,UNCERTAIN_REQUIRES_CLINICAL_REVIEW,No relationship has been adjudicated from authoritative raw metadata and clinical evidence.,False,False,True,True,PENDING_OPENEVIDENCE_AND_CLINICAL_REVIEW,PROVISIONAL_PENDING_CLINICAL_REVIEW
ascending_aorta_diameter,lvot_vti,lvot_vti,lvot_vti,UNKNOWN,UNCERTAIN_REQUIRES_CLINICAL_REVIEW,No relationship has been adjudicated from authoritative raw metadata and clinical evidence.,False,False,True,True,PENDING_OPENEVIDENCE_AND_CLINICAL_REVIEW,PROVISIONAL_PENDING_CLINICAL_REVIEW
ascending_aorta_diameter,ascending_aorta_diameter,ascending_aorta_diameter,ascending_aorta_diameter,UNKNOWN,DIRECT_TARGET,Predictor canonical name equals the target canonical name.,False,False,True,True,SCHEMA_IDENTITY,CONFIRMED_SCHEMA_IDENTITY
ascending_aorta_diameter,rv_diam,rv_diam,rv_diam,UNKNOWN,UNCERTAIN_REQUIRES_CLINICAL_REVIEW,No relationship has been adjudicated from authoritative raw metadata and clinical evidence.,False,False,True,True,PENDING_OPENEVIDENCE_AND_CLINICAL_REVIEW,PROVISIONAL_PENDING_CLINICAL_REVIEW
ascending_aorta_diameter,lvot_diam,lvot_diam,lvot_diam,UNKNOWN,UNCERTAIN_REQUIRES_CLINICAL_REVIEW,No relationship has been adjudicated from authoritative raw metadata and clinical evidence.,False,False,True,True,PENDING_OPENEVIDENCE_AND_CLINICAL_REVIEW,PROVISIONAL_PENDING_CLINICAL_REVIEW
ascending_aorta_diameter,mitral_e_velocity,mitral_e_velocity,mitral_e_velocity,UNKNOWN,UNCERTAIN_REQUIRES_CLINICAL_REVIEW,No relationship has been adjudicated from authoritative raw metadata and clinical evidence.,False,False,True,True,PENDING_OPENEVIDENCE_AND_CLINICAL_REVIEW,PROVISIONAL_PENDING_CLINICAL_REVIEW
ascending_aorta_diameter,tricuspid_annular_plane_systolic_excursion,tricuspid_annular_plane_systolic_excursion,tricuspid_annular_plane_systolic_excursion,UNKNOWN,UNCERTAIN_REQUIRES_CLINICAL_REVIEW,No relationship has been adjudicated from authoritative raw metadata and clinical evidence.,False,False,True,True,PENDING_OPENEVIDENCE_AND_CLINICAL_REVIEW,PROVISIONAL_PENDING_CLINICAL_REVIEW
ascending_aorta_diameter,arch_diam,arch_diam,arch_diam,UNKNOWN,SAME_REPORT_CORRELATE,Both fields are provisionally assigned to the aortic_geometry family; exact permissibility requires clinical review.,False,True,True,True,PROVISIONAL_FAMILY_TAXONOMY,PROVISIONAL_PENDING_CLINICAL_REVIEW
ascending_aorta_diameter,resting_dbp,resting_dbp,resting_dbp,UNKNOWN,UNCERTAIN_REQUIRES_CLINICAL_REVIEW,No relationship has been adjudicated from authoritative raw metadata and clinical evidence.,False,False,True,True,PENDING_OPENEVIDENCE_AND_CLINICAL_REVIEW,PROVISIONAL_PENDING_CLINICAL_REVIEW
ascending_aorta_diameter,resting_sbp,resting_sbp,resting_sbp,UNKNOWN,UNCERTAIN_REQUIRES_CLINICAL_REVIEW,No relationship has been adjudicated from authoritative raw metadata and clinical evidence.,False,False,True,True,PENDING_OPENEVIDENCE_AND_CLINICAL_REVIEW,PROVISIONAL_PENDING_CLINICAL_REVIEW
ascending_aorta_diameter,ivc_diam,ivc_diam,ivc_diam,UNKNOWN,UNCERTAIN_REQUIRES_CLINICAL_REVIEW,No relationship has been adjudicated from authoritative raw metadata and clinical evidence.,False,False,True,True,PENDING_OPENEVIDENCE_AND_CLINICAL_REVIEW,PROVISIONAL_PENDING_CLINICAL_REVIEW
ascending_aorta_diameter,lat_e_prime,lat_e_prime,lat_e_prime,UNKNOWN,UNCERTAIN_REQUIRES_CLINICAL_REVIEW,No relationship has been adjudicated from authoritative raw metadata and clinical evidence.,False,False,True,True,PENDING_OPENEVIDENCE_AND_CLINICAL_REVIEW,PROVISIONAL_PENDING_CLINICAL_REVIEW
rv_diam,lvef,lvef,lvef,UNKNOWN,UNCERTAIN_REQUIRES_CLINICAL_REVIEW,No relationship has been adjudicated from authoritative raw metadata and clinical evidence.,False,False,True,True,PENDING_OPENEVIDENCE_AND_CLINICAL_REVIEW,PROVISIONAL_PENDING_CLINICAL_REVIEW
rv_diam,fs,fs,fs,UNKNOWN,UNCERTAIN_REQUIRES_CLINICAL_REVIEW,No relationship has been adjudicated from authoritative raw metadata and clinical evidence.,False,False,True,True,PENDING_OPENEVIDENCE_AND_CLINICAL_REVIEW,PROVISIONAL_PENDING_CLINICAL_REVIEW
rv_diam,tr_mmhg,tr_mmhg,tr_mmhg,UNKNOWN,UNCERTAIN_REQUIRES_CLINICAL_REVIEW,No relationship has been adjudicated from authoritative raw metadata and clinical evidence.,False,False,True,True,PENDING_OPENEVIDENCE_AND_CLINICAL_REVIEW,PROVISIONAL_PENDING_CLINICAL_REVIEW
rv_diam,tricuspid_regurgitant_peak_velocity,tricuspid_regurgitant_peak_velocity,tricuspid_regurgitant_peak_velocity,UNKNOWN,SAME_REPORT_CORRELATE,Both fields are provisionally assigned to the rv_structure_function family; exact permissibility requires clinical review.,False,True,True,True,PROVISIONAL_FAMILY_TAXONOMY,PROVISIONAL_PENDING_CLINICAL_REVIEW
rv_diam,left_ventricular_end_systolic_diameter,left_ventricular_end_systolic_diameter,left_ventricular_end_systolic_diameter,UNKNOWN,UNCERTAIN_REQUIRES_CLINICAL_REVIEW,No relationship has been adjudicated from authoritative raw metadata and clinical evidence.,False,False,True,True,PENDING_OPENEVIDENCE_AND_CLINICAL_REVIEW,PROVISIONAL_PENDING_CLINICAL_REVIEW
rv_diam,left_ventricular_end_diastolic_diameter,left_ventricular_end_diastolic_diameter,left_ventricular_end_diastolic_diameter,UNKNOWN,UNCERTAIN_REQUIRES_CLINICAL_REVIEW,No relationship has been adjudicated from authoritative raw metadata and clinical evidence.,False,False,True,True,PENDING_OPENEVIDENCE_AND_CLINICAL_REVIEW,PROVISIONAL_PENDING_CLINICAL_REVIEW
rv_diam,body_surface_area,body_surface_area,body_surface_area,UNKNOWN,UNCERTAIN_REQUIRES_CLINICAL_REVIEW,No relationship has been adjudicated from authoritative raw metadata and clinical evidence.,False,False,True,True,PENDING_OPENEVIDENCE_AND_CLINICAL_REVIEW,PROVISIONAL_PENDING_CLINICAL_REVIEW
rv_diam,height_cm,height_cm,height_cm,UNKNOWN,UNCERTAIN_REQUIRES_CLINICAL_REVIEW,No relationship has been adjudicated from authoritative raw metadata and clinical evidence.,False,False,True,True,PENDING_OPENEVIDENCE_AND_CLINICAL_REVIEW,PROVISIONAL_PENDING_CLINICAL_REVIEW
rv_diam,av_pk_vel,av_pk_vel,av_pk_vel,UNKNOWN,UNCERTAIN_REQUIRES_CLINICAL_REVIEW,No relationship has been adjudicated from authoritative raw metadata and clinical evidence.,False,False,True,True,PENDING_OPENEVIDENCE_AND_CLINICAL_REVIEW,PROVISIONAL_PENDING_CLINICAL_REVIEW
rv_diam,sept_e_prime,sept_e_prime,sept_e_prime,UNKNOWN,UNCERTAIN_REQUIRES_CLINICAL_REVIEW,No relationship has been adjudicated from authoritative raw metadata and clinical evidence.,False,False,True,True,PENDING_OPENEVIDENCE_AND_CLINICAL_REVIEW,PROVISIONAL_PENDING_CLINICAL_REVIEW
rv_diam,la_4ch_length,la_4ch_length,la_4ch_length,UNKNOWN,UNCERTAIN_REQUIRES_CLINICAL_REVIEW,No relationship has been adjudicated from authoritative raw metadata and clinical evidence.,False,False,True,True,PENDING_OPENEVIDENCE_AND_CLINICAL_REVIEW,PROVISIONAL_PENDING_CLINICAL_REVIEW
rv_diam,ra_length,ra_length,ra_length,UNKNOWN,UNCERTAIN_REQUIRES_CLINICAL_REVIEW,No relationship has been adjudicated from authoritative raw metadata and clinical evidence.,False,False,True,True,PENDING_OPENEVIDENCE_AND_CLINICAL_REVIEW,PROVISIONAL_PENDING_CLINICAL_REVIEW
rv_diam,la_dimen,la_dimen,la_dimen,UNKNOWN,UNCERTAIN_REQUIRES_CLINICAL_REVIEW,No relationship has been adjudicated from authoritative raw metadata and clinical evidence.,False,False,True,True,PENDING_OPENEVIDENCE_AND_CLINICAL_REVIEW,PROVISIONAL_PENDING_CLINICAL_REVIEW
rv_diam,sinus_diam,sinus_diam,sinus_diam,UNKNOWN,UNCERTAIN_REQUIRES_CLINICAL_REVIEW,No relationship has been adjudicated from authoritative raw metadata and clinical evidence.,False,False,True,True,PENDING_OPENEVIDENCE_AND_CLINICAL_REVIEW,PROVISIONAL_PENDING_CLINICAL_REVIEW
rv_diam,resting_hr,resting_hr,resting_hr,UNKNOWN,UNCERTAIN_REQUIRES_CLINICAL_REVIEW,No relationship has been adjudicated from authoritative raw metadata and clinical evidence.,False,False,True,True,PENDING_OPENEVIDENCE_AND_CLINICAL_REVIEW,PROVISIONAL_PENDING_CLINICAL_REVIEW
rv_diam,inf_lat_thickness,inf_lat_thickness,inf_lat_thickness,UNKNOWN,UNCERTAIN_REQUIRES_CLINICAL_REVIEW,No relationship has been adjudicated from authoritative raw metadata and clinical evidence.,False,False,True,True,PENDING_OPENEVIDENCE_AND_CLINICAL_REVIEW,PROVISIONAL_PENDING_CLINICAL_REVIEW
rv_diam,mv_peak_a,mv_peak_a,mv_peak_a,UNKNOWN,UNCERTAIN_REQUIRES_CLINICAL_REVIEW,No relationship has been adjudicated from authoritative raw metadata and clinical evidence.,False,False,True,True,PENDING_OPENEVIDENCE_AND_CLINICAL_REVIEW,PROVISIONAL_PENDING_CLINICAL_REVIEW
rv_diam,mv_peak_e,mv_peak_e,mv_peak_e,UNKNOWN,UNCERTAIN_REQUIRES_CLINICAL_REVIEW,No relationship has been adjudicated from authoritative raw metadata and clinical evidence.,False,False,True,True,PENDING_OPENEVIDENCE_AND_CLINICAL_REVIEW,PROVISIONAL_PENDING_CLINICAL_REVIEW
rv_diam,septal_thickness,septal_thickness,septal_thickness,UNKNOWN,UNCERTAIN_REQUIRES_CLINICAL_REVIEW,No relationship has been adjudicated from authoritative raw metadata and clinical evidence.,False,False,True,True,PENDING_OPENEVIDENCE_AND_CLINICAL_REVIEW,PROVISIONAL_PENDING_CLINICAL_REVIEW
rv_diam,lvot_vti,lvot_vti,lvot_vti,UNKNOWN,UNCERTAIN_REQUIRES_CLINICAL_REVIEW,No relationship has been adjudicated from authoritative raw metadata and clinical evidence.,False,False,True,True,PENDING_OPENEVIDENCE_AND_CLINICAL_REVIEW,PROVISIONAL_PENDING_CLINICAL_REVIEW
rv_diam,ascending_aorta_diameter,ascending_aorta_diameter,ascending_aorta_diameter,UNKNOWN,UNCERTAIN_REQUIRES_CLINICAL_REVIEW,No relationship has been adjudicated from authoritative raw metadata and clinical evidence.,False,False,True,True,PENDING_OPENEVIDENCE_AND_CLINICAL_REVIEW,PROVISIONAL_PENDING_CLINICAL_REVIEW
rv_diam,rv_diam,rv_diam,rv_diam,UNKNOWN,DIRECT_TARGET,Predictor canonical name equals the target canonical name.,False,False,True,True,SCHEMA_IDENTITY,CONFIRMED_SCHEMA_IDENTITY
rv_diam,lvot_diam,lvot_diam,lvot_diam,UNKNOWN,UNCERTAIN_REQUIRES_CLINICAL_REVIEW,No relationship has been adjudicated from authoritative raw metadata and clinical evidence.,False,False,True,True,PENDING_OPENEVIDENCE_AND_CLINICAL_REVIEW,PROVISIONAL_PENDING_CLINICAL_REVIEW
rv_diam,mitral_e_velocity,mitral_e_velocity,mitral_e_velocity,UNKNOWN,UNCERTAIN_REQUIRES_CLINICAL_REVIEW,No relationship has been adjudicated from authoritative raw metadata and clinical evidence.,False,False,True,True,PENDING_OPENEVIDENCE_AND_CLINICAL_REVIEW,PROVISIONAL_PENDING_CLINICAL_REVIEW
rv_diam,tricuspid_annular_plane_systolic_excursion,tricuspid_annular_plane_systolic_excursion,tricuspid_annular_plane_systolic_excursion,UNKNOWN,SAME_REPORT_CORRELATE,Both fields are provisionally assigned to the rv_structure_function family; exact permissibility requires clinical review.,False,True,True,True,PROVISIONAL_FAMILY_TAXONOMY,PROVISIONAL_PENDING_CLINICAL_REVIEW
rv_diam,arch_diam,arch_diam,arch_diam,UNKNOWN,UNCERTAIN_REQUIRES_CLINICAL_REVIEW,No relationship has been adjudicated from authoritative raw metadata and clinical evidence.,False,False,True,True,PENDING_OPENEVIDENCE_AND_CLINICAL_REVIEW,PROVISIONAL_PENDING_CLINICAL_REVIEW
rv_diam,resting_dbp,resting_dbp,resting_dbp,UNKNOWN,UNCERTAIN_REQUIRES_CLINICAL_REVIEW,No relationship has been adjudicated from authoritative raw metadata and clinical evidence.,False,False,True,True,PENDING_OPENEVIDENCE_AND_CLINICAL_REVIEW,PROVISIONAL_PENDING_CLINICAL_REVIEW
rv_diam,resting_sbp,resting_sbp,resting_sbp,UNKNOWN,UNCERTAIN_REQUIRES_CLINICAL_REVIEW,No relationship has been adjudicated from authoritative raw metadata and clinical evidence.,False,False,True,True,PENDING_OPENEVIDENCE_AND_CLINICAL_REVIEW,PROVISIONAL_PENDING_CLINICAL_REVIEW
rv_diam,ivc_diam,ivc_diam,ivc_diam,UNKNOWN,SAME_REPORT_CORRELATE,Both fields are provisionally assigned to the rv_structure_function family; exact permissibility requires clinical review.,False,True,True,True,PROVISIONAL_FAMILY_TAXONOMY,PROVISIONAL_PENDING_CLINICAL_REVIEW
rv_diam,lat_e_prime,lat_e_prime,lat_e_prime,UNKNOWN,UNCERTAIN_REQUIRES_CLINICAL_REVIEW,No relationship has been adjudicated from authoritative raw metadata and clinical evidence.,False,False,True,True,PENDING_OPENEVIDENCE_AND_CLINICAL_REVIEW,PROVISIONAL_PENDING_CLINICAL_REVIEW
lvot_diam,lvef,lvef,lvef,UNKNOWN,UNCERTAIN_REQUIRES_CLINICAL_REVIEW,No relationship has been adjudicated from authoritative raw metadata and clinical evidence.,False,False,True,True,PENDING_OPENEVIDENCE_AND_CLINICAL_REVIEW,PROVISIONAL_PENDING_CLINICAL_REVIEW
lvot_diam,fs,fs,fs,UNKNOWN,UNCERTAIN_REQUIRES_CLINICAL_REVIEW,No relationship has been adjudicated from authoritative raw metadata and clinical evidence.,False,False,True,True,PENDING_OPENEVIDENCE_AND_CLINICAL_REVIEW,PROVISIONAL_PENDING_CLINICAL_REVIEW
lvot_diam,tr_mmhg,tr_mmhg,tr_mmhg,UNKNOWN,UNCERTAIN_REQUIRES_CLINICAL_REVIEW,No relationship has been adjudicated from authoritative raw metadata and clinical evidence.,False,False,True,True,PENDING_OPENEVIDENCE_AND_CLINICAL_REVIEW,PROVISIONAL_PENDING_CLINICAL_REVIEW
lvot_diam,tricuspid_regurgitant_peak_velocity,tricuspid_regurgitant_peak_velocity,tricuspid_regurgitant_peak_velocity,UNKNOWN,UNCERTAIN_REQUIRES_CLINICAL_REVIEW,No relationship has been adjudicated from authoritative raw metadata and clinical evidence.,False,False,True,True,PENDING_OPENEVIDENCE_AND_CLINICAL_REVIEW,PROVISIONAL_PENDING_CLINICAL_REVIEW
lvot_diam,left_ventricular_end_systolic_diameter,left_ventricular_end_systolic_diameter,left_ventricular_end_systolic_diameter,UNKNOWN,UNCERTAIN_REQUIRES_CLINICAL_REVIEW,No relationship has been adjudicated from authoritative raw metadata and clinical evidence.,False,False,True,True,PENDING_OPENEVIDENCE_AND_CLINICAL_REVIEW,PROVISIONAL_PENDING_CLINICAL_REVIEW
lvot_diam,left_ventricular_end_diastolic_diameter,left_ventricular_end_diastolic_diameter,left_ventricular_end_diastolic_diameter,UNKNOWN,UNCERTAIN_REQUIRES_CLINICAL_REVIEW,No relationship has been adjudicated from authoritative raw metadata and clinical evidence.,False,False,True,True,PENDING_OPENEVIDENCE_AND_CLINICAL_REVIEW,PROVISIONAL_PENDING_CLINICAL_REVIEW
lvot_diam,body_surface_area,body_surface_area,body_surface_area,UNKNOWN,UNCERTAIN_REQUIRES_CLINICAL_REVIEW,No relationship has been adjudicated from authoritative raw metadata and clinical evidence.,False,False,True,True,PENDING_OPENEVIDENCE_AND_CLINICAL_REVIEW,PROVISIONAL_PENDING_CLINICAL_REVIEW
lvot_diam,height_cm,height_cm,height_cm,UNKNOWN,UNCERTAIN_REQUIRES_CLINICAL_REVIEW,No relationship has been adjudicated from authoritative raw metadata and clinical evidence.,False,False,True,True,PENDING_OPENEVIDENCE_AND_CLINICAL_REVIEW,PROVISIONAL_PENDING_CLINICAL_REVIEW
lvot_diam,av_pk_vel,av_pk_vel,av_pk_vel,UNKNOWN,SAME_REPORT_CORRELATE,Both fields are provisionally assigned to the aortic_valve_flow family; exact permissibility requires clinical review.,False,True,True,True,PROVISIONAL_FAMILY_TAXONOMY,PROVISIONAL_PENDING_CLINICAL_REVIEW
lvot_diam,sept_e_prime,sept_e_prime,sept_e_prime,UNKNOWN,UNCERTAIN_REQUIRES_CLINICAL_REVIEW,No relationship has been adjudicated from authoritative raw metadata and clinical evidence.,False,False,True,True,PENDING_OPENEVIDENCE_AND_CLINICAL_REVIEW,PROVISIONAL_PENDING_CLINICAL_REVIEW
lvot_diam,la_4ch_length,la_4ch_length,la_4ch_length,UNKNOWN,UNCERTAIN_REQUIRES_CLINICAL_REVIEW,No relationship has been adjudicated from authoritative raw metadata and clinical evidence.,False,False,True,True,PENDING_OPENEVIDENCE_AND_CLINICAL_REVIEW,PROVISIONAL_PENDING_CLINICAL_REVIEW
lvot_diam,ra_length,ra_length,ra_length,UNKNOWN,UNCERTAIN_REQUIRES_CLINICAL_REVIEW,No relationship has been adjudicated from authoritative raw metadata and clinical evidence.,False,False,True,True,PENDING_OPENEVIDENCE_AND_CLINICAL_REVIEW,PROVISIONAL_PENDING_CLINICAL_REVIEW
lvot_diam,la_dimen,la_dimen,la_dimen,UNKNOWN,UNCERTAIN_REQUIRES_CLINICAL_REVIEW,No relationship has been adjudicated from authoritative raw metadata and clinical evidence.,False,False,True,True,PENDING_OPENEVIDENCE_AND_CLINICAL_REVIEW,PROVISIONAL_PENDING_CLINICAL_REVIEW
lvot_diam,sinus_diam,sinus_diam,sinus_diam,UNKNOWN,UNCERTAIN_REQUIRES_CLINICAL_REVIEW,No relationship has been adjudicated from authoritative raw metadata and clinical evidence.,False,False,True,True,PENDING_OPENEVIDENCE_AND_CLINICAL_REVIEW,PROVISIONAL_PENDING_CLINICAL_REVIEW
lvot_diam,resting_hr,resting_hr,resting_hr,UNKNOWN,NEAR_DETERMINISTIC_CLINICAL_DERIVATIVE,LVOT geometry and heart rate are components of cardiac output derivations.,False,False,True,True,STANDARD_CLINICAL_FORMULA_PENDING_CLINICAL_CITATION,PROVISIONAL_PENDING_CLINICAL_REVIEW
lvot_diam,inf_lat_thickness,inf_lat_thickness,inf_lat_thickness,UNKNOWN,UNCERTAIN_REQUIRES_CLINICAL_REVIEW,No relationship has been adjudicated from authoritative raw metadata and clinical evidence.,False,False,True,True,PENDING_OPENEVIDENCE_AND_CLINICAL_REVIEW,PROVISIONAL_PENDING_CLINICAL_REVIEW
lvot_diam,mv_peak_a,mv_peak_a,mv_peak_a,UNKNOWN,UNCERTAIN_REQUIRES_CLINICAL_REVIEW,No relationship has been adjudicated from authoritative raw metadata and clinical evidence.,False,False,True,True,PENDING_OPENEVIDENCE_AND_CLINICAL_REVIEW,PROVISIONAL_PENDING_CLINICAL_REVIEW
lvot_diam,mv_peak_e,mv_peak_e,mv_peak_e,UNKNOWN,UNCERTAIN_REQUIRES_CLINICAL_REVIEW,No relationship has been adjudicated from authoritative raw metadata and clinical evidence.,False,False,True,True,PENDING_OPENEVIDENCE_AND_CLINICAL_REVIEW,PROVISIONAL_PENDING_CLINICAL_REVIEW
lvot_diam,septal_thickness,septal_thickness,septal_thickness,UNKNOWN,UNCERTAIN_REQUIRES_CLINICAL_REVIEW,No relationship has been adjudicated from authoritative raw metadata and clinical evidence.,False,False,True,True,PENDING_OPENEVIDENCE_AND_CLINICAL_REVIEW,PROVISIONAL_PENDING_CLINICAL_REVIEW
lvot_diam,lvot_vti,lvot_vti,lvot_vti,UNKNOWN,NEAR_DETERMINISTIC_CLINICAL_DERIVATIVE,LVOT diameter determines cross-sectional area; area times LVOT VTI determines stroke volume.,False,False,True,True,STANDARD_CLINICAL_FORMULA_PENDING_CLINICAL_CITATION,PROVISIONAL_PENDING_CLINICAL_REVIEW
lvot_diam,ascending_aorta_diameter,ascending_aorta_diameter,ascending_aorta_diameter,UNKNOWN,UNCERTAIN_REQUIRES_CLINICAL_REVIEW,No relationship has been adjudicated from authoritative raw metadata and clinical evidence.,False,False,True,True,PENDING_OPENEVIDENCE_AND_CLINICAL_REVIEW,PROVISIONAL_PENDING_CLINICAL_REVIEW
lvot_diam,rv_diam,rv_diam,rv_diam,UNKNOWN,UNCERTAIN_REQUIRES_CLINICAL_REVIEW,No relationship has been adjudicated from authoritative raw metadata and clinical evidence.,False,False,True,True,PENDING_OPENEVIDENCE_AND_CLINICAL_REVIEW,PROVISIONAL_PENDING_CLINICAL_REVIEW
lvot_diam,lvot_diam,lvot_diam,lvot_diam,UNKNOWN,DIRECT_TARGET,Predictor canonical name equals the target canonical name.,False,False,True,True,SCHEMA_IDENTITY,CONFIRMED_SCHEMA_IDENTITY
lvot_diam,mitral_e_velocity,mitral_e_velocity,mitral_e_velocity,UNKNOWN,UNCERTAIN_REQUIRES_CLINICAL_REVIEW,No relationship has been adjudicated from authoritative raw metadata and clinical evidence.,False,False,True,True,PENDING_OPENEVIDENCE_AND_CLINICAL_REVIEW,PROVISIONAL_PENDING_CLINICAL_REVIEW
lvot_diam,tricuspid_annular_plane_systolic_excursion,tricuspid_annular_plane_systolic_excursion,tricuspid_annular_plane_systolic_excursion,UNKNOWN,UNCERTAIN_REQUIRES_CLINICAL_REVIEW,No relationship has been adjudicated from authoritative raw metadata and clinical evidence.,False,False,True,True,PENDING_OPENEVIDENCE_AND_CLINICAL_REVIEW,PROVISIONAL_PENDING_CLINICAL_REVIEW
lvot_diam,arch_diam,arch_diam,arch_diam,UNKNOWN,UNCERTAIN_REQUIRES_CLINICAL_REVIEW,No relationship has been adjudicated from authoritative raw metadata and clinical evidence.,False,False,True,True,PENDING_OPENEVIDENCE_AND_CLINICAL_REVIEW,PROVISIONAL_PENDING_CLINICAL_REVIEW
lvot_diam,resting_dbp,resting_dbp,resting_dbp,UNKNOWN,UNCERTAIN_REQUIRES_CLINICAL_REVIEW,No relationship has been adjudicated from authoritative raw metadata and clinical evidence.,False,False,True,True,PENDING_OPENEVIDENCE_AND_CLINICAL_REVIEW,PROVISIONAL_PENDING_CLINICAL_REVIEW
lvot_diam,resting_sbp,resting_sbp,resting_sbp,UNKNOWN,UNCERTAIN_REQUIRES_CLINICAL_REVIEW,No relationship has been adjudicated from authoritative raw metadata and clinical evidence.,False,False,True,True,PENDING_OPENEVIDENCE_AND_CLINICAL_REVIEW,PROVISIONAL_PENDING_CLINICAL_REVIEW
lvot_diam,ivc_diam,ivc_diam,ivc_diam,UNKNOWN,UNCERTAIN_REQUIRES_CLINICAL_REVIEW,No relationship has been adjudicated from authoritative raw metadata and clinical evidence.,False,False,True,True,PENDING_OPENEVIDENCE_AND_CLINICAL_REVIEW,PROVISIONAL_PENDING_CLINICAL_REVIEW
lvot_diam,lat_e_prime,lat_e_prime,lat_e_prime,UNKNOWN,UNCERTAIN_REQUIRES_CLINICAL_REVIEW,No relationship has been adjudicated from authoritative raw metadata and clinical evidence.,False,False,True,True,PENDING_OPENEVIDENCE_AND_CLINICAL_REVIEW,PROVISIONAL_PENDING_CLINICAL_REVIEW
mitral_e_velocity,lvef,lvef,lvef,UNKNOWN,UNCERTAIN_REQUIRES_CLINICAL_REVIEW,No relationship has been adjudicated from authoritative raw metadata and clinical evidence.,False,False,False,False,PENDING_OPENEVIDENCE_AND_CLINICAL_REVIEW,PROVISIONAL_PENDING_CLINICAL_REVIEW
mitral_e_velocity,fs,fs,fs,UNKNOWN,UNCERTAIN_REQUIRES_CLINICAL_REVIEW,No relationship has been adjudicated from authoritative raw metadata and clinical evidence.,False,False,False,False,PENDING_OPENEVIDENCE_AND_CLINICAL_REVIEW,PROVISIONAL_PENDING_CLINICAL_REVIEW
mitral_e_velocity,tr_mmhg,tr_mmhg,tr_mmhg,UNKNOWN,UNCERTAIN_REQUIRES_CLINICAL_REVIEW,No relationship has been adjudicated from authoritative raw metadata and clinical evidence.,False,False,False,False,PENDING_OPENEVIDENCE_AND_CLINICAL_REVIEW,PROVISIONAL_PENDING_CLINICAL_REVIEW
mitral_e_velocity,tricuspid_regurgitant_peak_velocity,tricuspid_regurgitant_peak_velocity,tricuspid_regurgitant_peak_velocity,UNKNOWN,UNCERTAIN_REQUIRES_CLINICAL_REVIEW,No relationship has been adjudicated from authoritative raw metadata and clinical evidence.,False,False,False,False,PENDING_OPENEVIDENCE_AND_CLINICAL_REVIEW,PROVISIONAL_PENDING_CLINICAL_REVIEW
mitral_e_velocity,left_ventricular_end_systolic_diameter,left_ventricular_end_systolic_diameter,left_ventricular_end_systolic_diameter,UNKNOWN,UNCERTAIN_REQUIRES_CLINICAL_REVIEW,No relationship has been adjudicated from authoritative raw metadata and clinical evidence.,False,False,False,False,PENDING_OPENEVIDENCE_AND_CLINICAL_REVIEW,PROVISIONAL_PENDING_CLINICAL_REVIEW
mitral_e_velocity,left_ventricular_end_diastolic_diameter,left_ventricular_end_diastolic_diameter,left_ventricular_end_diastolic_diameter,UNKNOWN,UNCERTAIN_REQUIRES_CLINICAL_REVIEW,No relationship has been adjudicated from authoritative raw metadata and clinical evidence.,False,False,False,False,PENDING_OPENEVIDENCE_AND_CLINICAL_REVIEW,PROVISIONAL_PENDING_CLINICAL_REVIEW
mitral_e_velocity,body_surface_area,body_surface_area,body_surface_area,UNKNOWN,UNCERTAIN_REQUIRES_CLINICAL_REVIEW,No relationship has been adjudicated from authoritative raw metadata and clinical evidence.,False,False,False,False,PENDING_OPENEVIDENCE_AND_CLINICAL_REVIEW,PROVISIONAL_PENDING_CLINICAL_REVIEW
mitral_e_velocity,height_cm,height_cm,height_cm,UNKNOWN,UNCERTAIN_REQUIRES_CLINICAL_REVIEW,No relationship has been adjudicated from authoritative raw metadata and clinical evidence.,False,False,False,False,PENDING_OPENEVIDENCE_AND_CLINICAL_REVIEW,PROVISIONAL_PENDING_CLINICAL_REVIEW
mitral_e_velocity,av_pk_vel,av_pk_vel,av_pk_vel,UNKNOWN,UNCERTAIN_REQUIRES_CLINICAL_REVIEW,No relationship has been adjudicated from authoritative raw metadata and clinical evidence.,False,False,False,False,PENDING_OPENEVIDENCE_AND_CLINICAL_REVIEW,PROVISIONAL_PENDING_CLINICAL_REVIEW
mitral_e_velocity,sept_e_prime,sept_e_prime,sept_e_prime,UNKNOWN,SAME_REPORT_CORRELATE,Both fields are provisionally assigned to the mitral_diastolic family; exact permissibility requires clinical review.,False,True,False,False,PROVISIONAL_FAMILY_TAXONOMY,PROVISIONAL_PENDING_CLINICAL_REVIEW
mitral_e_velocity,la_4ch_length,la_4ch_length,la_4ch_length,UNKNOWN,UNCERTAIN_REQUIRES_CLINICAL_REVIEW,No relationship has been adjudicated from authoritative raw metadata and clinical evidence.,False,False,False,False,PENDING_OPENEVIDENCE_AND_CLINICAL_REVIEW,PROVISIONAL_PENDING_CLINICAL_REVIEW
mitral_e_velocity,ra_length,ra_length,ra_length,UNKNOWN,UNCERTAIN_REQUIRES_CLINICAL_REVIEW,No relationship has been adjudicated from authoritative raw metadata and clinical evidence.,False,False,False,False,PENDING_OPENEVIDENCE_AND_CLINICAL_REVIEW,PROVISIONAL_PENDING_CLINICAL_REVIEW
mitral_e_velocity,la_dimen,la_dimen,la_dimen,UNKNOWN,UNCERTAIN_REQUIRES_CLINICAL_REVIEW,No relationship has been adjudicated from authoritative raw metadata and clinical evidence.,False,False,False,False,PENDING_OPENEVIDENCE_AND_CLINICAL_REVIEW,PROVISIONAL_PENDING_CLINICAL_REVIEW
mitral_e_velocity,sinus_diam,sinus_diam,sinus_diam,UNKNOWN,UNCERTAIN_REQUIRES_CLINICAL_REVIEW,No relationship has been adjudicated from authoritative raw metadata and clinical evidence.,False,False,False,False,PENDING_OPENEVIDENCE_AND_CLINICAL_REVIEW,PROVISIONAL_PENDING_CLINICAL_REVIEW
mitral_e_velocity,resting_hr,resting_hr,resting_hr,UNKNOWN,UNCERTAIN_REQUIRES_CLINICAL_REVIEW,No relationship has been adjudicated from authoritative raw metadata and clinical evidence.,False,False,False,False,PENDING_OPENEVIDENCE_AND_CLINICAL_REVIEW,PROVISIONAL_PENDING_CLINICAL_REVIEW
mitral_e_velocity,inf_lat_thickness,inf_lat_thickness,inf_lat_thickness,UNKNOWN,UNCERTAIN_REQUIRES_CLINICAL_REVIEW,No relationship has been adjudicated from authoritative raw metadata and clinical evidence.,False,False,False,False,PENDING_OPENEVIDENCE_AND_CLINICAL_REVIEW,PROVISIONAL_PENDING_CLINICAL_REVIEW
mitral_e_velocity,mv_peak_a,mv_peak_a,mv_peak_a,UNKNOWN,SAME_REPORT_CORRELATE,Both fields are provisionally assigned to the mitral_diastolic family; exact permissibility requires clinical review.,False,True,False,False,PROVISIONAL_FAMILY_TAXONOMY,PROVISIONAL_PENDING_CLINICAL_REVIEW
mitral_e_velocity,mv_peak_e,mv_peak_e,mv_peak_e,UNKNOWN,SYNONYM_OR_DUPLICATE,Apparent duplicate mitral inflow E-wave velocity exports; raw descriptions require confirmation.,False,False,False,False,PHASE0_REPO_AUDIT_PENDING_RAW_ADJUDICATION,PROVISIONAL_PENDING_CLINICAL_REVIEW
mitral_e_velocity,septal_thickness,septal_thickness,septal_thickness,UNKNOWN,UNCERTAIN_REQUIRES_CLINICAL_REVIEW,No relationship has been adjudicated from authoritative raw metadata and clinical evidence.,False,False,False,False,PENDING_OPENEVIDENCE_AND_CLINICAL_REVIEW,PROVISIONAL_PENDING_CLINICAL_REVIEW
mitral_e_velocity,lvot_vti,lvot_vti,lvot_vti,UNKNOWN,UNCERTAIN_REQUIRES_CLINICAL_REVIEW,No relationship has been adjudicated from authoritative raw metadata and clinical evidence.,False,False,False,False,PENDING_OPENEVIDENCE_AND_CLINICAL_REVIEW,PROVISIONAL_PENDING_CLINICAL_REVIEW
mitral_e_velocity,ascending_aorta_diameter,ascending_aorta_diameter,ascending_aorta_diameter,UNKNOWN,UNCERTAIN_REQUIRES_CLINICAL_REVIEW,No relationship has been adjudicated from authoritative raw metadata and clinical evidence.,False,False,False,False,PENDING_OPENEVIDENCE_AND_CLINICAL_REVIEW,PROVISIONAL_PENDING_CLINICAL_REVIEW
mitral_e_velocity,rv_diam,rv_diam,rv_diam,UNKNOWN,UNCERTAIN_REQUIRES_CLINICAL_REVIEW,No relationship has been adjudicated from authoritative raw metadata and clinical evidence.,False,False,False,False,PENDING_OPENEVIDENCE_AND_CLINICAL_REVIEW,PROVISIONAL_PENDING_CLINICAL_REVIEW
mitral_e_velocity,lvot_diam,lvot_diam,lvot_diam,UNKNOWN,UNCERTAIN_REQUIRES_CLINICAL_REVIEW,No relationship has been adjudicated from authoritative raw metadata and clinical evidence.,False,False,False,False,PENDING_OPENEVIDENCE_AND_CLINICAL_REVIEW,PROVISIONAL_PENDING_CLINICAL_REVIEW
mitral_e_velocity,mitral_e_velocity,mitral_e_velocity,mitral_e_velocity,UNKNOWN,DIRECT_TARGET,Predictor canonical name equals the target canonical name.,False,False,False,False,SCHEMA_IDENTITY,CONFIRMED_SCHEMA_IDENTITY
mitral_e_velocity,tricuspid_annular_plane_systolic_excursion,tricuspid_annular_plane_systolic_excursion,tricuspid_annular_plane_systolic_excursion,UNKNOWN,UNCERTAIN_REQUIRES_CLINICAL_REVIEW,No relationship has been adjudicated from authoritative raw metadata and clinical evidence.,False,False,False,False,PENDING_OPENEVIDENCE_AND_CLINICAL_REVIEW,PROVISIONAL_PENDING_CLINICAL_REVIEW
mitral_e_velocity,arch_diam,arch_diam,arch_diam,UNKNOWN,UNCERTAIN_REQUIRES_CLINICAL_REVIEW,No relationship has been adjudicated from authoritative raw metadata and clinical evidence.,False,False,False,False,PENDING_OPENEVIDENCE_AND_CLINICAL_REVIEW,PROVISIONAL_PENDING_CLINICAL_REVIEW
mitral_e_velocity,resting_dbp,resting_dbp,resting_dbp,UNKNOWN,UNCERTAIN_REQUIRES_CLINICAL_REVIEW,No relationship has been adjudicated from authoritative raw metadata and clinical evidence.,False,False,False,False,PENDING_OPENEVIDENCE_AND_CLINICAL_REVIEW,PROVISIONAL_PENDING_CLINICAL_REVIEW
mitral_e_velocity,resting_sbp,resting_sbp,resting_sbp,UNKNOWN,UNCERTAIN_REQUIRES_CLINICAL_REVIEW,No relationship has been adjudicated from authoritative raw metadata and clinical evidence.,False,False,False,False,PENDING_OPENEVIDENCE_AND_CLINICAL_REVIEW,PROVISIONAL_PENDING_CLINICAL_REVIEW
mitral_e_velocity,ivc_diam,ivc_diam,ivc_diam,UNKNOWN,UNCERTAIN_REQUIRES_CLINICAL_REVIEW,No relationship has been adjudicated from authoritative raw metadata and clinical evidence.,False,False,False,False,PENDING_OPENEVIDENCE_AND_CLINICAL_REVIEW,PROVISIONAL_PENDING_CLINICAL_REVIEW
mitral_e_velocity,lat_e_prime,lat_e_prime,lat_e_prime,UNKNOWN,SAME_REPORT_CORRELATE,Both fields are provisionally assigned to the mitral_diastolic family; exact permissibility requires clinical review.,False,True,False,False,PROVISIONAL_FAMILY_TAXONOMY,PROVISIONAL_PENDING_CLINICAL_REVIEW
tricuspid_annular_plane_systolic_excursion,lvef,lvef,lvef,UNKNOWN,UNCERTAIN_REQUIRES_CLINICAL_REVIEW,No relationship has been adjudicated from authoritative raw metadata and clinical evidence.,False,False,True,True,PENDING_OPENEVIDENCE_AND_CLINICAL_REVIEW,PROVISIONAL_PENDING_CLINICAL_REVIEW
tricuspid_annular_plane_systolic_excursion,fs,fs,fs,UNKNOWN,UNCERTAIN_REQUIRES_CLINICAL_REVIEW,No relationship has been adjudicated from authoritative raw metadata and clinical evidence.,False,False,True,True,PENDING_OPENEVIDENCE_AND_CLINICAL_REVIEW,PROVISIONAL_PENDING_CLINICAL_REVIEW
tricuspid_annular_plane_systolic_excursion,tr_mmhg,tr_mmhg,tr_mmhg,UNKNOWN,UNCERTAIN_REQUIRES_CLINICAL_REVIEW,No relationship has been adjudicated from authoritative raw metadata and clinical evidence.,False,False,True,True,PENDING_OPENEVIDENCE_AND_CLINICAL_REVIEW,PROVISIONAL_PENDING_CLINICAL_REVIEW
tricuspid_annular_plane_systolic_excursion,tricuspid_regurgitant_peak_velocity,tricuspid_regurgitant_peak_velocity,tricuspid_regurgitant_peak_velocity,UNKNOWN,SAME_REPORT_CORRELATE,Both fields are provisionally assigned to the rv_structure_function family; exact permissibility requires clinical review.,False,True,True,True,PROVISIONAL_FAMILY_TAXONOMY,PROVISIONAL_PENDING_CLINICAL_REVIEW
tricuspid_annular_plane_systolic_excursion,left_ventricular_end_systolic_diameter,left_ventricular_end_systolic_diameter,left_ventricular_end_systolic_diameter,UNKNOWN,UNCERTAIN_REQUIRES_CLINICAL_REVIEW,No relationship has been adjudicated from authoritative raw metadata and clinical evidence.,False,False,True,True,PENDING_OPENEVIDENCE_AND_CLINICAL_REVIEW,PROVISIONAL_PENDING_CLINICAL_REVIEW
tricuspid_annular_plane_systolic_excursion,left_ventricular_end_diastolic_diameter,left_ventricular_end_diastolic_diameter,left_ventricular_end_diastolic_diameter,UNKNOWN,UNCERTAIN_REQUIRES_CLINICAL_REVIEW,No relationship has been adjudicated from authoritative raw metadata and clinical evidence.,False,False,True,True,PENDING_OPENEVIDENCE_AND_CLINICAL_REVIEW,PROVISIONAL_PENDING_CLINICAL_REVIEW
tricuspid_annular_plane_systolic_excursion,body_surface_area,body_surface_area,body_surface_area,UNKNOWN,UNCERTAIN_REQUIRES_CLINICAL_REVIEW,No relationship has been adjudicated from authoritative raw metadata and clinical evidence.,False,False,True,True,PENDING_OPENEVIDENCE_AND_CLINICAL_REVIEW,PROVISIONAL_PENDING_CLINICAL_REVIEW
tricuspid_annular_plane_systolic_excursion,height_cm,height_cm,height_cm,UNKNOWN,UNCERTAIN_REQUIRES_CLINICAL_REVIEW,No relationship has been adjudicated from authoritative raw metadata and clinical evidence.,False,False,True,True,PENDING_OPENEVIDENCE_AND_CLINICAL_REVIEW,PROVISIONAL_PENDING_CLINICAL_REVIEW
tricuspid_annular_plane_systolic_excursion,av_pk_vel,av_pk_vel,av_pk_vel,UNKNOWN,UNCERTAIN_REQUIRES_CLINICAL_REVIEW,No relationship has been adjudicated from authoritative raw metadata and clinical evidence.,False,False,True,True,PENDING_OPENEVIDENCE_AND_CLINICAL_REVIEW,PROVISIONAL_PENDING_CLINICAL_REVIEW
tricuspid_annular_plane_systolic_excursion,sept_e_prime,sept_e_prime,sept_e_prime,UNKNOWN,UNCERTAIN_REQUIRES_CLINICAL_REVIEW,No relationship has been adjudicated from authoritative raw metadata and clinical evidence.,False,False,True,True,PENDING_OPENEVIDENCE_AND_CLINICAL_REVIEW,PROVISIONAL_PENDING_CLINICAL_REVIEW
tricuspid_annular_plane_systolic_excursion,la_4ch_length,la_4ch_length,la_4ch_length,UNKNOWN,UNCERTAIN_REQUIRES_CLINICAL_REVIEW,No relationship has been adjudicated from authoritative raw metadata and clinical evidence.,False,False,True,True,PENDING_OPENEVIDENCE_AND_CLINICAL_REVIEW,PROVISIONAL_PENDING_CLINICAL_REVIEW
tricuspid_annular_plane_systolic_excursion,ra_length,ra_length,ra_length,UNKNOWN,UNCERTAIN_REQUIRES_CLINICAL_REVIEW,No relationship has been adjudicated from authoritative raw metadata and clinical evidence.,False,False,True,True,PENDING_OPENEVIDENCE_AND_CLINICAL_REVIEW,PROVISIONAL_PENDING_CLINICAL_REVIEW
tricuspid_annular_plane_systolic_excursion,la_dimen,la_dimen,la_dimen,UNKNOWN,UNCERTAIN_REQUIRES_CLINICAL_REVIEW,No relationship has been adjudicated from authoritative raw metadata and clinical evidence.,False,False,True,True,PENDING_OPENEVIDENCE_AND_CLINICAL_REVIEW,PROVISIONAL_PENDING_CLINICAL_REVIEW
tricuspid_annular_plane_systolic_excursion,sinus_diam,sinus_diam,sinus_diam,UNKNOWN,UNCERTAIN_REQUIRES_CLINICAL_REVIEW,No relationship has been adjudicated from authoritative raw metadata and clinical evidence.,False,False,True,True,PENDING_OPENEVIDENCE_AND_CLINICAL_REVIEW,PROVISIONAL_PENDING_CLINICAL_REVIEW
tricuspid_annular_plane_systolic_excursion,resting_hr,resting_hr,resting_hr,UNKNOWN,UNCERTAIN_REQUIRES_CLINICAL_REVIEW,No relationship has been adjudicated from authoritative raw metadata and clinical evidence.,False,False,True,True,PENDING_OPENEVIDENCE_AND_CLINICAL_REVIEW,PROVISIONAL_PENDING_CLINICAL_REVIEW
tricuspid_annular_plane_systolic_excursion,inf_lat_thickness,inf_lat_thickness,inf_lat_thickness,UNKNOWN,UNCERTAIN_REQUIRES_CLINICAL_REVIEW,No relationship has been adjudicated from authoritative raw metadata and clinical evidence.,False,False,True,True,PENDING_OPENEVIDENCE_AND_CLINICAL_REVIEW,PROVISIONAL_PENDING_CLINICAL_REVIEW
tricuspid_annular_plane_systolic_excursion,mv_peak_a,mv_peak_a,mv_peak_a,UNKNOWN,UNCERTAIN_REQUIRES_CLINICAL_REVIEW,No relationship has been adjudicated from authoritative raw metadata and clinical evidence.,False,False,True,True,PENDING_OPENEVIDENCE_AND_CLINICAL_REVIEW,PROVISIONAL_PENDING_CLINICAL_REVIEW
tricuspid_annular_plane_systolic_excursion,mv_peak_e,mv_peak_e,mv_peak_e,UNKNOWN,UNCERTAIN_REQUIRES_CLINICAL_REVIEW,No relationship has been adjudicated from authoritative raw metadata and clinical evidence.,False,False,True,True,PENDING_OPENEVIDENCE_AND_CLINICAL_REVIEW,PROVISIONAL_PENDING_CLINICAL_REVIEW
tricuspid_annular_plane_systolic_excursion,septal_thickness,septal_thickness,septal_thickness,UNKNOWN,UNCERTAIN_REQUIRES_CLINICAL_REVIEW,No relationship has been adjudicated from authoritative raw metadata and clinical evidence.,False,False,True,True,PENDING_OPENEVIDENCE_AND_CLINICAL_REVIEW,PROVISIONAL_PENDING_CLINICAL_REVIEW
tricuspid_annular_plane_systolic_excursion,lvot_vti,lvot_vti,lvot_vti,UNKNOWN,UNCERTAIN_REQUIRES_CLINICAL_REVIEW,No relationship has been adjudicated from authoritative raw metadata and clinical evidence.,False,False,True,True,PENDING_OPENEVIDENCE_AND_CLINICAL_REVIEW,PROVISIONAL_PENDING_CLINICAL_REVIEW
tricuspid_annular_plane_systolic_excursion,ascending_aorta_diameter,ascending_aorta_diameter,ascending_aorta_diameter,UNKNOWN,UNCERTAIN_REQUIRES_CLINICAL_REVIEW,No relationship has been adjudicated from authoritative raw metadata and clinical evidence.,False,False,True,True,PENDING_OPENEVIDENCE_AND_CLINICAL_REVIEW,PROVISIONAL_PENDING_CLINICAL_REVIEW
tricuspid_annular_plane_systolic_excursion,rv_diam,rv_diam,rv_diam,UNKNOWN,SAME_REPORT_CORRELATE,Both fields are provisionally assigned to the rv_structure_function family; exact permissibility requires clinical review.,False,True,True,True,PROVISIONAL_FAMILY_TAXONOMY,PROVISIONAL_PENDING_CLINICAL_REVIEW
tricuspid_annular_plane_systolic_excursion,lvot_diam,lvot_diam,lvot_diam,UNKNOWN,UNCERTAIN_REQUIRES_CLINICAL_REVIEW,No relationship has been adjudicated from authoritative raw metadata and clinical evidence.,False,False,True,True,PENDING_OPENEVIDENCE_AND_CLINICAL_REVIEW,PROVISIONAL_PENDING_CLINICAL_REVIEW
tricuspid_annular_plane_systolic_excursion,mitral_e_velocity,mitral_e_velocity,mitral_e_velocity,UNKNOWN,UNCERTAIN_REQUIRES_CLINICAL_REVIEW,No relationship has been adjudicated from authoritative raw metadata and clinical evidence.,False,False,True,True,PENDING_OPENEVIDENCE_AND_CLINICAL_REVIEW,PROVISIONAL_PENDING_CLINICAL_REVIEW
tricuspid_annular_plane_systolic_excursion,tricuspid_annular_plane_systolic_excursion,tricuspid_annular_plane_systolic_excursion,tricuspid_annular_plane_systolic_excursion,UNKNOWN,DIRECT_TARGET,Predictor canonical name equals the target canonical name.,False,False,True,True,SCHEMA_IDENTITY,CONFIRMED_SCHEMA_IDENTITY
tricuspid_annular_plane_systolic_excursion,arch_diam,arch_diam,arch_diam,UNKNOWN,UNCERTAIN_REQUIRES_CLINICAL_REVIEW,No relationship has been adjudicated from authoritative raw metadata and clinical evidence.,False,False,True,True,PENDING_OPENEVIDENCE_AND_CLINICAL_REVIEW,PROVISIONAL_PENDING_CLINICAL_REVIEW
tricuspid_annular_plane_systolic_excursion,resting_dbp,resting_dbp,resting_dbp,UNKNOWN,UNCERTAIN_REQUIRES_CLINICAL_REVIEW,No relationship has been adjudicated from authoritative raw metadata and clinical evidence.,False,False,True,True,PENDING_OPENEVIDENCE_AND_CLINICAL_REVIEW,PROVISIONAL_PENDING_CLINICAL_REVIEW
tricuspid_annular_plane_systolic_excursion,resting_sbp,resting_sbp,resting_sbp,UNKNOWN,UNCERTAIN_REQUIRES_CLINICAL_REVIEW,No relationship has been adjudicated from authoritative raw metadata and clinical evidence.,False,False,True,True,PENDING_OPENEVIDENCE_AND_CLINICAL_REVIEW,PROVISIONAL_PENDING_CLINICAL_REVIEW
tricuspid_annular_plane_systolic_excursion,ivc_diam,ivc_diam,ivc_diam,UNKNOWN,SAME_REPORT_CORRELATE,Both fields are provisionally assigned to the rv_structure_function family; exact permissibility requires clinical review.,False,True,True,True,PROVISIONAL_FAMILY_TAXONOMY,PROVISIONAL_PENDING_CLINICAL_REVIEW
tricuspid_annular_plane_systolic_excursion,lat_e_prime,lat_e_prime,lat_e_prime,UNKNOWN,UNCERTAIN_REQUIRES_CLINICAL_REVIEW,No relationship has been adjudicated from authoritative raw metadata and clinical evidence.,False,False,True,True,PENDING_OPENEVIDENCE_AND_CLINICAL_REVIEW,PROVISIONAL_PENDING_CLINICAL_REVIEW
arch_diam,lvef,lvef,lvef,UNKNOWN,UNCERTAIN_REQUIRES_CLINICAL_REVIEW,No relationship has been adjudicated from authoritative raw metadata and clinical evidence.,False,False,True,True,PENDING_OPENEVIDENCE_AND_CLINICAL_REVIEW,PROVISIONAL_PENDING_CLINICAL_REVIEW
arch_diam,fs,fs,fs,UNKNOWN,UNCERTAIN_REQUIRES_CLINICAL_REVIEW,No relationship has been adjudicated from authoritative raw metadata and clinical evidence.,False,False,True,True,PENDING_OPENEVIDENCE_AND_CLINICAL_REVIEW,PROVISIONAL_PENDING_CLINICAL_REVIEW
arch_diam,tr_mmhg,tr_mmhg,tr_mmhg,UNKNOWN,UNCERTAIN_REQUIRES_CLINICAL_REVIEW,No relationship has been adjudicated from authoritative raw metadata and clinical evidence.,False,False,True,True,PENDING_OPENEVIDENCE_AND_CLINICAL_REVIEW,PROVISIONAL_PENDING_CLINICAL_REVIEW
arch_diam,tricuspid_regurgitant_peak_velocity,tricuspid_regurgitant_peak_velocity,tricuspid_regurgitant_peak_velocity,UNKNOWN,UNCERTAIN_REQUIRES_CLINICAL_REVIEW,No relationship has been adjudicated from authoritative raw metadata and clinical evidence.,False,False,True,True,PENDING_OPENEVIDENCE_AND_CLINICAL_REVIEW,PROVISIONAL_PENDING_CLINICAL_REVIEW
arch_diam,left_ventricular_end_systolic_diameter,left_ventricular_end_systolic_diameter,left_ventricular_end_systolic_diameter,UNKNOWN,UNCERTAIN_REQUIRES_CLINICAL_REVIEW,No relationship has been adjudicated from authoritative raw metadata and clinical evidence.,False,False,True,True,PENDING_OPENEVIDENCE_AND_CLINICAL_REVIEW,PROVISIONAL_PENDING_CLINICAL_REVIEW
arch_diam,left_ventricular_end_diastolic_diameter,left_ventricular_end_diastolic_diameter,left_ventricular_end_diastolic_diameter,UNKNOWN,UNCERTAIN_REQUIRES_CLINICAL_REVIEW,No relationship has been adjudicated from authoritative raw metadata and clinical evidence.,False,False,True,True,PENDING_OPENEVIDENCE_AND_CLINICAL_REVIEW,PROVISIONAL_PENDING_CLINICAL_REVIEW
arch_diam,body_surface_area,body_surface_area,body_surface_area,UNKNOWN,UNCERTAIN_REQUIRES_CLINICAL_REVIEW,No relationship has been adjudicated from authoritative raw metadata and clinical evidence.,False,False,True,True,PENDING_OPENEVIDENCE_AND_CLINICAL_REVIEW,PROVISIONAL_PENDING_CLINICAL_REVIEW
arch_diam,height_cm,height_cm,height_cm,UNKNOWN,UNCERTAIN_REQUIRES_CLINICAL_REVIEW,No relationship has been adjudicated from authoritative raw metadata and clinical evidence.,False,False,True,True,PENDING_OPENEVIDENCE_AND_CLINICAL_REVIEW,PROVISIONAL_PENDING_CLINICAL_REVIEW
arch_diam,av_pk_vel,av_pk_vel,av_pk_vel,UNKNOWN,UNCERTAIN_REQUIRES_CLINICAL_REVIEW,No relationship has been adjudicated from authoritative raw metadata and clinical evidence.,False,False,True,True,PENDING_OPENEVIDENCE_AND_CLINICAL_REVIEW,PROVISIONAL_PENDING_CLINICAL_REVIEW
arch_diam,sept_e_prime,sept_e_prime,sept_e_prime,UNKNOWN,UNCERTAIN_REQUIRES_CLINICAL_REVIEW,No relationship has been adjudicated from authoritative raw metadata and clinical evidence.,False,False,True,True,PENDING_OPENEVIDENCE_AND_CLINICAL_REVIEW,PROVISIONAL_PENDING_CLINICAL_REVIEW
arch_diam,la_4ch_length,la_4ch_length,la_4ch_length,UNKNOWN,UNCERTAIN_REQUIRES_CLINICAL_REVIEW,No relationship has been adjudicated from authoritative raw metadata and clinical evidence.,False,False,True,True,PENDING_OPENEVIDENCE_AND_CLINICAL_REVIEW,PROVISIONAL_PENDING_CLINICAL_REVIEW
arch_diam,ra_length,ra_length,ra_length,UNKNOWN,UNCERTAIN_REQUIRES_CLINICAL_REVIEW,No relationship has been adjudicated from authoritative raw metadata and clinical evidence.,False,False,True,True,PENDING_OPENEVIDENCE_AND_CLINICAL_REVIEW,PROVISIONAL_PENDING_CLINICAL_REVIEW
arch_diam,la_dimen,la_dimen,la_dimen,UNKNOWN,UNCERTAIN_REQUIRES_CLINICAL_REVIEW,No relationship has been adjudicated from authoritative raw metadata and clinical evidence.,False,False,True,True,PENDING_OPENEVIDENCE_AND_CLINICAL_REVIEW,PROVISIONAL_PENDING_CLINICAL_REVIEW
arch_diam,sinus_diam,sinus_diam,sinus_diam,UNKNOWN,SAME_REPORT_CORRELATE,Both fields are provisionally assigned to the aortic_geometry family; exact permissibility requires clinical review.,False,True,True,True,PROVISIONAL_FAMILY_TAXONOMY,PROVISIONAL_PENDING_CLINICAL_REVIEW
arch_diam,resting_hr,resting_hr,resting_hr,UNKNOWN,UNCERTAIN_REQUIRES_CLINICAL_REVIEW,No relationship has been adjudicated from authoritative raw metadata and clinical evidence.,False,False,True,True,PENDING_OPENEVIDENCE_AND_CLINICAL_REVIEW,PROVISIONAL_PENDING_CLINICAL_REVIEW
arch_diam,inf_lat_thickness,inf_lat_thickness,inf_lat_thickness,UNKNOWN,UNCERTAIN_REQUIRES_CLINICAL_REVIEW,No relationship has been adjudicated from authoritative raw metadata and clinical evidence.,False,False,True,True,PENDING_OPENEVIDENCE_AND_CLINICAL_REVIEW,PROVISIONAL_PENDING_CLINICAL_REVIEW
arch_diam,mv_peak_a,mv_peak_a,mv_peak_a,UNKNOWN,UNCERTAIN_REQUIRES_CLINICAL_REVIEW,No relationship has been adjudicated from authoritative raw metadata and clinical evidence.,False,False,True,True,PENDING_OPENEVIDENCE_AND_CLINICAL_REVIEW,PROVISIONAL_PENDING_CLINICAL_REVIEW
arch_diam,mv_peak_e,mv_peak_e,mv_peak_e,UNKNOWN,UNCERTAIN_REQUIRES_CLINICAL_REVIEW,No relationship has been adjudicated from authoritative raw metadata and clinical evidence.,False,False,True,True,PENDING_OPENEVIDENCE_AND_CLINICAL_REVIEW,PROVISIONAL_PENDING_CLINICAL_REVIEW
arch_diam,septal_thickness,septal_thickness,septal_thickness,UNKNOWN,UNCERTAIN_REQUIRES_CLINICAL_REVIEW,No relationship has been adjudicated from authoritative raw metadata and clinical evidence.,False,False,True,True,PENDING_OPENEVIDENCE_AND_CLINICAL_REVIEW,PROVISIONAL_PENDING_CLINICAL_REVIEW
arch_diam,lvot_vti,lvot_vti,lvot_vti,UNKNOWN,UNCERTAIN_REQUIRES_CLINICAL_REVIEW,No relationship has been adjudicated from authoritative raw metadata and clinical evidence.,False,False,True,True,PENDING_OPENEVIDENCE_AND_CLINICAL_REVIEW,PROVISIONAL_PENDING_CLINICAL_REVIEW
arch_diam,ascending_aorta_diameter,ascending_aorta_diameter,ascending_aorta_diameter,UNKNOWN,SAME_REPORT_CORRELATE,Both fields are provisionally assigned to the aortic_geometry family; exact permissibility requires clinical review.,False,True,True,True,PROVISIONAL_FAMILY_TAXONOMY,PROVISIONAL_PENDING_CLINICAL_REVIEW
arch_diam,rv_diam,rv_diam,rv_diam,UNKNOWN,UNCERTAIN_REQUIRES_CLINICAL_REVIEW,No relationship has been adjudicated from authoritative raw metadata and clinical evidence.,False,False,True,True,PENDING_OPENEVIDENCE_AND_CLINICAL_REVIEW,PROVISIONAL_PENDING_CLINICAL_REVIEW
arch_diam,lvot_diam,lvot_diam,lvot_diam,UNKNOWN,UNCERTAIN_REQUIRES_CLINICAL_REVIEW,No relationship has been adjudicated from authoritative raw metadata and clinical evidence.,False,False,True,True,PENDING_OPENEVIDENCE_AND_CLINICAL_REVIEW,PROVISIONAL_PENDING_CLINICAL_REVIEW
arch_diam,mitral_e_velocity,mitral_e_velocity,mitral_e_velocity,UNKNOWN,UNCERTAIN_REQUIRES_CLINICAL_REVIEW,No relationship has been adjudicated from authoritative raw metadata and clinical evidence.,False,False,True,True,PENDING_OPENEVIDENCE_AND_CLINICAL_REVIEW,PROVISIONAL_PENDING_CLINICAL_REVIEW
arch_diam,tricuspid_annular_plane_systolic_excursion,tricuspid_annular_plane_systolic_excursion,tricuspid_annular_plane_systolic_excursion,UNKNOWN,UNCERTAIN_REQUIRES_CLINICAL_REVIEW,No relationship has been adjudicated from authoritative raw metadata and clinical evidence.,False,False,True,True,PENDING_OPENEVIDENCE_AND_CLINICAL_REVIEW,PROVISIONAL_PENDING_CLINICAL_REVIEW
arch_diam,arch_diam,arch_diam,arch_diam,UNKNOWN,DIRECT_TARGET,Predictor canonical name equals the target canonical name.,False,False,True,True,SCHEMA_IDENTITY,CONFIRMED_SCHEMA_IDENTITY
arch_diam,resting_dbp,resting_dbp,resting_dbp,UNKNOWN,UNCERTAIN_REQUIRES_CLINICAL_REVIEW,No relationship has been adjudicated from authoritative raw metadata and clinical evidence.,False,False,True,True,PENDING_OPENEVIDENCE_AND_CLINICAL_REVIEW,PROVISIONAL_PENDING_CLINICAL_REVIEW
arch_diam,resting_sbp,resting_sbp,resting_sbp,UNKNOWN,UNCERTAIN_REQUIRES_CLINICAL_REVIEW,No relationship has been adjudicated from authoritative raw metadata and clinical evidence.,False,False,True,True,PENDING_OPENEVIDENCE_AND_CLINICAL_REVIEW,PROVISIONAL_PENDING_CLINICAL_REVIEW
arch_diam,ivc_diam,ivc_diam,ivc_diam,UNKNOWN,UNCERTAIN_REQUIRES_CLINICAL_REVIEW,No relationship has been adjudicated from authoritative raw metadata and clinical evidence.,False,False,True,True,PENDING_OPENEVIDENCE_AND_CLINICAL_REVIEW,PROVISIONAL_PENDING_CLINICAL_REVIEW
arch_diam,lat_e_prime,lat_e_prime,lat_e_prime,UNKNOWN,UNCERTAIN_REQUIRES_CLINICAL_REVIEW,No relationship has been adjudicated from authoritative raw metadata and clinical evidence.,False,False,True,True,PENDING_OPENEVIDENCE_AND_CLINICAL_REVIEW,PROVISIONAL_PENDING_CLINICAL_REVIEW
resting_dbp,lvef,lvef,lvef,UNKNOWN,UNCERTAIN_REQUIRES_CLINICAL_REVIEW,No relationship has been adjudicated from authoritative raw metadata and clinical evidence.,False,False,False,True,PENDING_OPENEVIDENCE_AND_CLINICAL_REVIEW,PROVISIONAL_PENDING_CLINICAL_REVIEW
resting_dbp,fs,fs,fs,UNKNOWN,UNCERTAIN_REQUIRES_CLINICAL_REVIEW,No relationship has been adjudicated from authoritative raw metadata and clinical evidence.,False,False,False,True,PENDING_OPENEVIDENCE_AND_CLINICAL_REVIEW,PROVISIONAL_PENDING_CLINICAL_REVIEW
resting_dbp,tr_mmhg,tr_mmhg,tr_mmhg,UNKNOWN,UNCERTAIN_REQUIRES_CLINICAL_REVIEW,No relationship has been adjudicated from authoritative raw metadata and clinical evidence.,False,False,False,True,PENDING_OPENEVIDENCE_AND_CLINICAL_REVIEW,PROVISIONAL_PENDING_CLINICAL_REVIEW
resting_dbp,tricuspid_regurgitant_peak_velocity,tricuspid_regurgitant_peak_velocity,tricuspid_regurgitant_peak_velocity,UNKNOWN,UNCERTAIN_REQUIRES_CLINICAL_REVIEW,No relationship has been adjudicated from authoritative raw metadata and clinical evidence.,False,False,False,True,PENDING_OPENEVIDENCE_AND_CLINICAL_REVIEW,PROVISIONAL_PENDING_CLINICAL_REVIEW
resting_dbp,left_ventricular_end_systolic_diameter,left_ventricular_end_systolic_diameter,left_ventricular_end_systolic_diameter,UNKNOWN,UNCERTAIN_REQUIRES_CLINICAL_REVIEW,No relationship has been adjudicated from authoritative raw metadata and clinical evidence.,False,False,False,True,PENDING_OPENEVIDENCE_AND_CLINICAL_REVIEW,PROVISIONAL_PENDING_CLINICAL_REVIEW
resting_dbp,left_ventricular_end_diastolic_diameter,left_ventricular_end_diastolic_diameter,left_ventricular_end_diastolic_diameter,UNKNOWN,UNCERTAIN_REQUIRES_CLINICAL_REVIEW,No relationship has been adjudicated from authoritative raw metadata and clinical evidence.,False,False,False,True,PENDING_OPENEVIDENCE_AND_CLINICAL_REVIEW,PROVISIONAL_PENDING_CLINICAL_REVIEW
resting_dbp,body_surface_area,body_surface_area,body_surface_area,UNKNOWN,SAME_REPORT_CORRELATE,Both fields are provisionally assigned to the hemodynamic_context family; exact permissibility requires clinical review.,False,True,False,True,PROVISIONAL_FAMILY_TAXONOMY,PROVISIONAL_PENDING_CLINICAL_REVIEW
resting_dbp,height_cm,height_cm,height_cm,UNKNOWN,UNCERTAIN_REQUIRES_CLINICAL_REVIEW,No relationship has been adjudicated from authoritative raw metadata and clinical evidence.,False,False,False,True,PENDING_OPENEVIDENCE_AND_CLINICAL_REVIEW,PROVISIONAL_PENDING_CLINICAL_REVIEW
resting_dbp,av_pk_vel,av_pk_vel,av_pk_vel,UNKNOWN,UNCERTAIN_REQUIRES_CLINICAL_REVIEW,No relationship has been adjudicated from authoritative raw metadata and clinical evidence.,False,False,False,True,PENDING_OPENEVIDENCE_AND_CLINICAL_REVIEW,PROVISIONAL_PENDING_CLINICAL_REVIEW
resting_dbp,sept_e_prime,sept_e_prime,sept_e_prime,UNKNOWN,UNCERTAIN_REQUIRES_CLINICAL_REVIEW,No relationship has been adjudicated from authoritative raw metadata and clinical evidence.,False,False,False,True,PENDING_OPENEVIDENCE_AND_CLINICAL_REVIEW,PROVISIONAL_PENDING_CLINICAL_REVIEW
resting_dbp,la_4ch_length,la_4ch_length,la_4ch_length,UNKNOWN,UNCERTAIN_REQUIRES_CLINICAL_REVIEW,No relationship has been adjudicated from authoritative raw metadata and clinical evidence.,False,False,False,True,PENDING_OPENEVIDENCE_AND_CLINICAL_REVIEW,PROVISIONAL_PENDING_CLINICAL_REVIEW
resting_dbp,ra_length,ra_length,ra_length,UNKNOWN,UNCERTAIN_REQUIRES_CLINICAL_REVIEW,No relationship has been adjudicated from authoritative raw metadata and clinical evidence.,False,False,False,True,PENDING_OPENEVIDENCE_AND_CLINICAL_REVIEW,PROVISIONAL_PENDING_CLINICAL_REVIEW
resting_dbp,la_dimen,la_dimen,la_dimen,UNKNOWN,UNCERTAIN_REQUIRES_CLINICAL_REVIEW,No relationship has been adjudicated from authoritative raw metadata and clinical evidence.,False,False,False,True,PENDING_OPENEVIDENCE_AND_CLINICAL_REVIEW,PROVISIONAL_PENDING_CLINICAL_REVIEW
resting_dbp,sinus_diam,sinus_diam,sinus_diam,UNKNOWN,UNCERTAIN_REQUIRES_CLINICAL_REVIEW,No relationship has been adjudicated from authoritative raw metadata and clinical evidence.,False,False,False,True,PENDING_OPENEVIDENCE_AND_CLINICAL_REVIEW,PROVISIONAL_PENDING_CLINICAL_REVIEW
resting_dbp,resting_hr,resting_hr,resting_hr,UNKNOWN,SAME_REPORT_CORRELATE,Both fields are provisionally assigned to the hemodynamic_context family; exact permissibility requires clinical review.,False,True,False,True,PROVISIONAL_FAMILY_TAXONOMY,PROVISIONAL_PENDING_CLINICAL_REVIEW
resting_dbp,inf_lat_thickness,inf_lat_thickness,inf_lat_thickness,UNKNOWN,UNCERTAIN_REQUIRES_CLINICAL_REVIEW,No relationship has been adjudicated from authoritative raw metadata and clinical evidence.,False,False,False,True,PENDING_OPENEVIDENCE_AND_CLINICAL_REVIEW,PROVISIONAL_PENDING_CLINICAL_REVIEW
resting_dbp,mv_peak_a,mv_peak_a,mv_peak_a,UNKNOWN,UNCERTAIN_REQUIRES_CLINICAL_REVIEW,No relationship has been adjudicated from authoritative raw metadata and clinical evidence.,False,False,False,True,PENDING_OPENEVIDENCE_AND_CLINICAL_REVIEW,PROVISIONAL_PENDING_CLINICAL_REVIEW
resting_dbp,mv_peak_e,mv_peak_e,mv_peak_e,UNKNOWN,UNCERTAIN_REQUIRES_CLINICAL_REVIEW,No relationship has been adjudicated from authoritative raw metadata and clinical evidence.,False,False,False,True,PENDING_OPENEVIDENCE_AND_CLINICAL_REVIEW,PROVISIONAL_PENDING_CLINICAL_REVIEW
resting_dbp,septal_thickness,septal_thickness,septal_thickness,UNKNOWN,UNCERTAIN_REQUIRES_CLINICAL_REVIEW,No relationship has been adjudicated from authoritative raw metadata and clinical evidence.,False,False,False,True,PENDING_OPENEVIDENCE_AND_CLINICAL_REVIEW,PROVISIONAL_PENDING_CLINICAL_REVIEW
resting_dbp,lvot_vti,lvot_vti,lvot_vti,UNKNOWN,UNCERTAIN_REQUIRES_CLINICAL_REVIEW,No relationship has been adjudicated from authoritative raw metadata and clinical evidence.,False,False,False,True,PENDING_OPENEVIDENCE_AND_CLINICAL_REVIEW,PROVISIONAL_PENDING_CLINICAL_REVIEW
resting_dbp,ascending_aorta_diameter,ascending_aorta_diameter,ascending_aorta_diameter,UNKNOWN,UNCERTAIN_REQUIRES_CLINICAL_REVIEW,No relationship has been adjudicated from authoritative raw metadata and clinical evidence.,False,False,False,True,PENDING_OPENEVIDENCE_AND_CLINICAL_REVIEW,PROVISIONAL_PENDING_CLINICAL_REVIEW
resting_dbp,rv_diam,rv_diam,rv_diam,UNKNOWN,UNCERTAIN_REQUIRES_CLINICAL_REVIEW,No relationship has been adjudicated from authoritative raw metadata and clinical evidence.,False,False,False,True,PENDING_OPENEVIDENCE_AND_CLINICAL_REVIEW,PROVISIONAL_PENDING_CLINICAL_REVIEW
resting_dbp,lvot_diam,lvot_diam,lvot_diam,UNKNOWN,UNCERTAIN_REQUIRES_CLINICAL_REVIEW,No relationship has been adjudicated from authoritative raw metadata and clinical evidence.,False,False,False,True,PENDING_OPENEVIDENCE_AND_CLINICAL_REVIEW,PROVISIONAL_PENDING_CLINICAL_REVIEW
resting_dbp,mitral_e_velocity,mitral_e_velocity,mitral_e_velocity,UNKNOWN,UNCERTAIN_REQUIRES_CLINICAL_REVIEW,No relationship has been adjudicated from authoritative raw metadata and clinical evidence.,False,False,False,True,PENDING_OPENEVIDENCE_AND_CLINICAL_REVIEW,PROVISIONAL_PENDING_CLINICAL_REVIEW
resting_dbp,tricuspid_annular_plane_systolic_excursion,tricuspid_annular_plane_systolic_excursion,tricuspid_annular_plane_systolic_excursion,UNKNOWN,UNCERTAIN_REQUIRES_CLINICAL_REVIEW,No relationship has been adjudicated from authoritative raw metadata and clinical evidence.,False,False,False,True,PENDING_OPENEVIDENCE_AND_CLINICAL_REVIEW,PROVISIONAL_PENDING_CLINICAL_REVIEW
resting_dbp,arch_diam,arch_diam,arch_diam,UNKNOWN,UNCERTAIN_REQUIRES_CLINICAL_REVIEW,No relationship has been adjudicated from authoritative raw metadata and clinical evidence.,False,False,False,True,PENDING_OPENEVIDENCE_AND_CLINICAL_REVIEW,PROVISIONAL_PENDING_CLINICAL_REVIEW
resting_dbp,resting_dbp,resting_dbp,resting_dbp,UNKNOWN,DIRECT_TARGET,Predictor canonical name equals the target canonical name.,False,False,False,True,SCHEMA_IDENTITY,CONFIRMED_SCHEMA_IDENTITY
resting_dbp,resting_sbp,resting_sbp,resting_sbp,UNKNOWN,SAME_REPORT_CORRELATE,Both fields are provisionally assigned to the hemodynamic_context family; exact permissibility requires clinical review.,False,True,False,True,PROVISIONAL_FAMILY_TAXONOMY,PROVISIONAL_PENDING_CLINICAL_REVIEW
resting_dbp,ivc_diam,ivc_diam,ivc_diam,UNKNOWN,UNCERTAIN_REQUIRES_CLINICAL_REVIEW,No relationship has been adjudicated from authoritative raw metadata and clinical evidence.,False,False,False,True,PENDING_OPENEVIDENCE_AND_CLINICAL_REVIEW,PROVISIONAL_PENDING_CLINICAL_REVIEW
resting_dbp,lat_e_prime,lat_e_prime,lat_e_prime,UNKNOWN,UNCERTAIN_REQUIRES_CLINICAL_REVIEW,No relationship has been adjudicated from authoritative raw metadata and clinical evidence.,False,False,False,True,PENDING_OPENEVIDENCE_AND_CLINICAL_REVIEW,PROVISIONAL_PENDING_CLINICAL_REVIEW
resting_sbp,lvef,lvef,lvef,UNKNOWN,UNCERTAIN_REQUIRES_CLINICAL_REVIEW,No relationship has been adjudicated from authoritative raw metadata and clinical evidence.,False,False,False,True,PENDING_OPENEVIDENCE_AND_CLINICAL_REVIEW,PROVISIONAL_PENDING_CLINICAL_REVIEW
resting_sbp,fs,fs,fs,UNKNOWN,UNCERTAIN_REQUIRES_CLINICAL_REVIEW,No relationship has been adjudicated from authoritative raw metadata and clinical evidence.,False,False,False,True,PENDING_OPENEVIDENCE_AND_CLINICAL_REVIEW,PROVISIONAL_PENDING_CLINICAL_REVIEW
resting_sbp,tr_mmhg,tr_mmhg,tr_mmhg,UNKNOWN,UNCERTAIN_REQUIRES_CLINICAL_REVIEW,No relationship has been adjudicated from authoritative raw metadata and clinical evidence.,False,False,False,True,PENDING_OPENEVIDENCE_AND_CLINICAL_REVIEW,PROVISIONAL_PENDING_CLINICAL_REVIEW
resting_sbp,tricuspid_regurgitant_peak_velocity,tricuspid_regurgitant_peak_velocity,tricuspid_regurgitant_peak_velocity,UNKNOWN,UNCERTAIN_REQUIRES_CLINICAL_REVIEW,No relationship has been adjudicated from authoritative raw metadata and clinical evidence.,False,False,False,True,PENDING_OPENEVIDENCE_AND_CLINICAL_REVIEW,PROVISIONAL_PENDING_CLINICAL_REVIEW
resting_sbp,left_ventricular_end_systolic_diameter,left_ventricular_end_systolic_diameter,left_ventricular_end_systolic_diameter,UNKNOWN,UNCERTAIN_REQUIRES_CLINICAL_REVIEW,No relationship has been adjudicated from authoritative raw metadata and clinical evidence.,False,False,False,True,PENDING_OPENEVIDENCE_AND_CLINICAL_REVIEW,PROVISIONAL_PENDING_CLINICAL_REVIEW
resting_sbp,left_ventricular_end_diastolic_diameter,left_ventricular_end_diastolic_diameter,left_ventricular_end_diastolic_diameter,UNKNOWN,UNCERTAIN_REQUIRES_CLINICAL_REVIEW,No relationship has been adjudicated from authoritative raw metadata and clinical evidence.,False,False,False,True,PENDING_OPENEVIDENCE_AND_CLINICAL_REVIEW,PROVISIONAL_PENDING_CLINICAL_REVIEW
resting_sbp,body_surface_area,body_surface_area,body_surface_area,UNKNOWN,SAME_REPORT_CORRELATE,Both fields are provisionally assigned to the hemodynamic_context family; exact permissibility requires clinical review.,False,True,False,True,PROVISIONAL_FAMILY_TAXONOMY,PROVISIONAL_PENDING_CLINICAL_REVIEW
resting_sbp,height_cm,height_cm,height_cm,UNKNOWN,UNCERTAIN_REQUIRES_CLINICAL_REVIEW,No relationship has been adjudicated from authoritative raw metadata and clinical evidence.,False,False,False,True,PENDING_OPENEVIDENCE_AND_CLINICAL_REVIEW,PROVISIONAL_PENDING_CLINICAL_REVIEW
resting_sbp,av_pk_vel,av_pk_vel,av_pk_vel,UNKNOWN,UNCERTAIN_REQUIRES_CLINICAL_REVIEW,No relationship has been adjudicated from authoritative raw metadata and clinical evidence.,False,False,False,True,PENDING_OPENEVIDENCE_AND_CLINICAL_REVIEW,PROVISIONAL_PENDING_CLINICAL_REVIEW
resting_sbp,sept_e_prime,sept_e_prime,sept_e_prime,UNKNOWN,UNCERTAIN_REQUIRES_CLINICAL_REVIEW,No relationship has been adjudicated from authoritative raw metadata and clinical evidence.,False,False,False,True,PENDING_OPENEVIDENCE_AND_CLINICAL_REVIEW,PROVISIONAL_PENDING_CLINICAL_REVIEW
resting_sbp,la_4ch_length,la_4ch_length,la_4ch_length,UNKNOWN,UNCERTAIN_REQUIRES_CLINICAL_REVIEW,No relationship has been adjudicated from authoritative raw metadata and clinical evidence.,False,False,False,True,PENDING_OPENEVIDENCE_AND_CLINICAL_REVIEW,PROVISIONAL_PENDING_CLINICAL_REVIEW
resting_sbp,ra_length,ra_length,ra_length,UNKNOWN,UNCERTAIN_REQUIRES_CLINICAL_REVIEW,No relationship has been adjudicated from authoritative raw metadata and clinical evidence.,False,False,False,True,PENDING_OPENEVIDENCE_AND_CLINICAL_REVIEW,PROVISIONAL_PENDING_CLINICAL_REVIEW
resting_sbp,la_dimen,la_dimen,la_dimen,UNKNOWN,UNCERTAIN_REQUIRES_CLINICAL_REVIEW,No relationship has been adjudicated from authoritative raw metadata and clinical evidence.,False,False,False,True,PENDING_OPENEVIDENCE_AND_CLINICAL_REVIEW,PROVISIONAL_PENDING_CLINICAL_REVIEW
resting_sbp,sinus_diam,sinus_diam,sinus_diam,UNKNOWN,UNCERTAIN_REQUIRES_CLINICAL_REVIEW,No relationship has been adjudicated from authoritative raw metadata and clinical evidence.,False,False,False,True,PENDING_OPENEVIDENCE_AND_CLINICAL_REVIEW,PROVISIONAL_PENDING_CLINICAL_REVIEW
resting_sbp,resting_hr,resting_hr,resting_hr,UNKNOWN,SAME_REPORT_CORRELATE,Both fields are provisionally assigned to the hemodynamic_context family; exact permissibility requires clinical review.,False,True,False,True,PROVISIONAL_FAMILY_TAXONOMY,PROVISIONAL_PENDING_CLINICAL_REVIEW
resting_sbp,inf_lat_thickness,inf_lat_thickness,inf_lat_thickness,UNKNOWN,UNCERTAIN_REQUIRES_CLINICAL_REVIEW,No relationship has been adjudicated from authoritative raw metadata and clinical evidence.,False,False,False,True,PENDING_OPENEVIDENCE_AND_CLINICAL_REVIEW,PROVISIONAL_PENDING_CLINICAL_REVIEW
resting_sbp,mv_peak_a,mv_peak_a,mv_peak_a,UNKNOWN,UNCERTAIN_REQUIRES_CLINICAL_REVIEW,No relationship has been adjudicated from authoritative raw metadata and clinical evidence.,False,False,False,True,PENDING_OPENEVIDENCE_AND_CLINICAL_REVIEW,PROVISIONAL_PENDING_CLINICAL_REVIEW
resting_sbp,mv_peak_e,mv_peak_e,mv_peak_e,UNKNOWN,UNCERTAIN_REQUIRES_CLINICAL_REVIEW,No relationship has been adjudicated from authoritative raw metadata and clinical evidence.,False,False,False,True,PENDING_OPENEVIDENCE_AND_CLINICAL_REVIEW,PROVISIONAL_PENDING_CLINICAL_REVIEW
resting_sbp,septal_thickness,septal_thickness,septal_thickness,UNKNOWN,UNCERTAIN_REQUIRES_CLINICAL_REVIEW,No relationship has been adjudicated from authoritative raw metadata and clinical evidence.,False,False,False,True,PENDING_OPENEVIDENCE_AND_CLINICAL_REVIEW,PROVISIONAL_PENDING_CLINICAL_REVIEW
resting_sbp,lvot_vti,lvot_vti,lvot_vti,UNKNOWN,UNCERTAIN_REQUIRES_CLINICAL_REVIEW,No relationship has been adjudicated from authoritative raw metadata and clinical evidence.,False,False,False,True,PENDING_OPENEVIDENCE_AND_CLINICAL_REVIEW,PROVISIONAL_PENDING_CLINICAL_REVIEW
resting_sbp,ascending_aorta_diameter,ascending_aorta_diameter,ascending_aorta_diameter,UNKNOWN,UNCERTAIN_REQUIRES_CLINICAL_REVIEW,No relationship has been adjudicated from authoritative raw metadata and clinical evidence.,False,False,False,True,PENDING_OPENEVIDENCE_AND_CLINICAL_REVIEW,PROVISIONAL_PENDING_CLINICAL_REVIEW
resting_sbp,rv_diam,rv_diam,rv_diam,UNKNOWN,UNCERTAIN_REQUIRES_CLINICAL_REVIEW,No relationship has been adjudicated from authoritative raw metadata and clinical evidence.,False,False,False,True,PENDING_OPENEVIDENCE_AND_CLINICAL_REVIEW,PROVISIONAL_PENDING_CLINICAL_REVIEW
resting_sbp,lvot_diam,lvot_diam,lvot_diam,UNKNOWN,UNCERTAIN_REQUIRES_CLINICAL_REVIEW,No relationship has been adjudicated from authoritative raw metadata and clinical evidence.,False,False,False,True,PENDING_OPENEVIDENCE_AND_CLINICAL_REVIEW,PROVISIONAL_PENDING_CLINICAL_REVIEW
resting_sbp,mitral_e_velocity,mitral_e_velocity,mitral_e_velocity,UNKNOWN,UNCERTAIN_REQUIRES_CLINICAL_REVIEW,No relationship has been adjudicated from authoritative raw metadata and clinical evidence.,False,False,False,True,PENDING_OPENEVIDENCE_AND_CLINICAL_REVIEW,PROVISIONAL_PENDING_CLINICAL_REVIEW
resting_sbp,tricuspid_annular_plane_systolic_excursion,tricuspid_annular_plane_systolic_excursion,tricuspid_annular_plane_systolic_excursion,UNKNOWN,UNCERTAIN_REQUIRES_CLINICAL_REVIEW,No relationship has been adjudicated from authoritative raw metadata and clinical evidence.,False,False,False,True,PENDING_OPENEVIDENCE_AND_CLINICAL_REVIEW,PROVISIONAL_PENDING_CLINICAL_REVIEW
resting_sbp,arch_diam,arch_diam,arch_diam,UNKNOWN,UNCERTAIN_REQUIRES_CLINICAL_REVIEW,No relationship has been adjudicated from authoritative raw metadata and clinical evidence.,False,False,False,True,PENDING_OPENEVIDENCE_AND_CLINICAL_REVIEW,PROVISIONAL_PENDING_CLINICAL_REVIEW
resting_sbp,resting_dbp,resting_dbp,resting_dbp,UNKNOWN,SAME_REPORT_CORRELATE,Both fields are provisionally assigned to the hemodynamic_context family; exact permissibility requires clinical review.,False,True,False,True,PROVISIONAL_FAMILY_TAXONOMY,PROVISIONAL_PENDING_CLINICAL_REVIEW
resting_sbp,resting_sbp,resting_sbp,resting_sbp,UNKNOWN,DIRECT_TARGET,Predictor canonical name equals the target canonical name.,False,False,False,True,SCHEMA_IDENTITY,CONFIRMED_SCHEMA_IDENTITY
resting_sbp,ivc_diam,ivc_diam,ivc_diam,UNKNOWN,UNCERTAIN_REQUIRES_CLINICAL_REVIEW,No relationship has been adjudicated from authoritative raw metadata and clinical evidence.,False,False,False,True,PENDING_OPENEVIDENCE_AND_CLINICAL_REVIEW,PROVISIONAL_PENDING_CLINICAL_REVIEW
resting_sbp,lat_e_prime,lat_e_prime,lat_e_prime,UNKNOWN,UNCERTAIN_REQUIRES_CLINICAL_REVIEW,No relationship has been adjudicated from authoritative raw metadata and clinical evidence.,False,False,False,True,PENDING_OPENEVIDENCE_AND_CLINICAL_REVIEW,PROVISIONAL_PENDING_CLINICAL_REVIEW
ivc_diam,lvef,lvef,lvef,UNKNOWN,UNCERTAIN_REQUIRES_CLINICAL_REVIEW,No relationship has been adjudicated from authoritative raw metadata and clinical evidence.,False,False,True,True,PENDING_OPENEVIDENCE_AND_CLINICAL_REVIEW,PROVISIONAL_PENDING_CLINICAL_REVIEW
ivc_diam,fs,fs,fs,UNKNOWN,UNCERTAIN_REQUIRES_CLINICAL_REVIEW,No relationship has been adjudicated from authoritative raw metadata and clinical evidence.,False,False,True,True,PENDING_OPENEVIDENCE_AND_CLINICAL_REVIEW,PROVISIONAL_PENDING_CLINICAL_REVIEW
ivc_diam,tr_mmhg,tr_mmhg,tr_mmhg,UNKNOWN,SAME_REPORT_CORRELATE,Both fields are provisionally assigned to the tr_pulmonary_pressure family; exact permissibility requires clinical review.,False,True,True,True,PROVISIONAL_FAMILY_TAXONOMY,PROVISIONAL_PENDING_CLINICAL_REVIEW
ivc_diam,tricuspid_regurgitant_peak_velocity,tricuspid_regurgitant_peak_velocity,tricuspid_regurgitant_peak_velocity,UNKNOWN,SAME_REPORT_CORRELATE,Both fields are provisionally assigned to the tr_pulmonary_pressure family; exact permissibility requires clinical review.,False,True,True,True,PROVISIONAL_FAMILY_TAXONOMY,PROVISIONAL_PENDING_CLINICAL_REVIEW
ivc_diam,left_ventricular_end_systolic_diameter,left_ventricular_end_systolic_diameter,left_ventricular_end_systolic_diameter,UNKNOWN,UNCERTAIN_REQUIRES_CLINICAL_REVIEW,No relationship has been adjudicated from authoritative raw metadata and clinical evidence.,False,False,True,True,PENDING_OPENEVIDENCE_AND_CLINICAL_REVIEW,PROVISIONAL_PENDING_CLINICAL_REVIEW
ivc_diam,left_ventricular_end_diastolic_diameter,left_ventricular_end_diastolic_diameter,left_ventricular_end_diastolic_diameter,UNKNOWN,UNCERTAIN_REQUIRES_CLINICAL_REVIEW,No relationship has been adjudicated from authoritative raw metadata and clinical evidence.,False,False,True,True,PENDING_OPENEVIDENCE_AND_CLINICAL_REVIEW,PROVISIONAL_PENDING_CLINICAL_REVIEW
ivc_diam,body_surface_area,body_surface_area,body_surface_area,UNKNOWN,UNCERTAIN_REQUIRES_CLINICAL_REVIEW,No relationship has been adjudicated from authoritative raw metadata and clinical evidence.,False,False,True,True,PENDING_OPENEVIDENCE_AND_CLINICAL_REVIEW,PROVISIONAL_PENDING_CLINICAL_REVIEW
ivc_diam,height_cm,height_cm,height_cm,UNKNOWN,UNCERTAIN_REQUIRES_CLINICAL_REVIEW,No relationship has been adjudicated from authoritative raw metadata and clinical evidence.,False,False,True,True,PENDING_OPENEVIDENCE_AND_CLINICAL_REVIEW,PROVISIONAL_PENDING_CLINICAL_REVIEW
ivc_diam,av_pk_vel,av_pk_vel,av_pk_vel,UNKNOWN,UNCERTAIN_REQUIRES_CLINICAL_REVIEW,No relationship has been adjudicated from authoritative raw metadata and clinical evidence.,False,False,True,True,PENDING_OPENEVIDENCE_AND_CLINICAL_REVIEW,PROVISIONAL_PENDING_CLINICAL_REVIEW
ivc_diam,sept_e_prime,sept_e_prime,sept_e_prime,UNKNOWN,UNCERTAIN_REQUIRES_CLINICAL_REVIEW,No relationship has been adjudicated from authoritative raw metadata and clinical evidence.,False,False,True,True,PENDING_OPENEVIDENCE_AND_CLINICAL_REVIEW,PROVISIONAL_PENDING_CLINICAL_REVIEW
ivc_diam,la_4ch_length,la_4ch_length,la_4ch_length,UNKNOWN,UNCERTAIN_REQUIRES_CLINICAL_REVIEW,No relationship has been adjudicated from authoritative raw metadata and clinical evidence.,False,False,True,True,PENDING_OPENEVIDENCE_AND_CLINICAL_REVIEW,PROVISIONAL_PENDING_CLINICAL_REVIEW
ivc_diam,ra_length,ra_length,ra_length,UNKNOWN,UNCERTAIN_REQUIRES_CLINICAL_REVIEW,No relationship has been adjudicated from authoritative raw metadata and clinical evidence.,False,False,True,True,PENDING_OPENEVIDENCE_AND_CLINICAL_REVIEW,PROVISIONAL_PENDING_CLINICAL_REVIEW
ivc_diam,la_dimen,la_dimen,la_dimen,UNKNOWN,UNCERTAIN_REQUIRES_CLINICAL_REVIEW,No relationship has been adjudicated from authoritative raw metadata and clinical evidence.,False,False,True,True,PENDING_OPENEVIDENCE_AND_CLINICAL_REVIEW,PROVISIONAL_PENDING_CLINICAL_REVIEW
ivc_diam,sinus_diam,sinus_diam,sinus_diam,UNKNOWN,UNCERTAIN_REQUIRES_CLINICAL_REVIEW,No relationship has been adjudicated from authoritative raw metadata and clinical evidence.,False,False,True,True,PENDING_OPENEVIDENCE_AND_CLINICAL_REVIEW,PROVISIONAL_PENDING_CLINICAL_REVIEW
ivc_diam,resting_hr,resting_hr,resting_hr,UNKNOWN,UNCERTAIN_REQUIRES_CLINICAL_REVIEW,No relationship has been adjudicated from authoritative raw metadata and clinical evidence.,False,False,True,True,PENDING_OPENEVIDENCE_AND_CLINICAL_REVIEW,PROVISIONAL_PENDING_CLINICAL_REVIEW
ivc_diam,inf_lat_thickness,inf_lat_thickness,inf_lat_thickness,UNKNOWN,UNCERTAIN_REQUIRES_CLINICAL_REVIEW,No relationship has been adjudicated from authoritative raw metadata and clinical evidence.,False,False,True,True,PENDING_OPENEVIDENCE_AND_CLINICAL_REVIEW,PROVISIONAL_PENDING_CLINICAL_REVIEW
ivc_diam,mv_peak_a,mv_peak_a,mv_peak_a,UNKNOWN,UNCERTAIN_REQUIRES_CLINICAL_REVIEW,No relationship has been adjudicated from authoritative raw metadata and clinical evidence.,False,False,True,True,PENDING_OPENEVIDENCE_AND_CLINICAL_REVIEW,PROVISIONAL_PENDING_CLINICAL_REVIEW
ivc_diam,mv_peak_e,mv_peak_e,mv_peak_e,UNKNOWN,UNCERTAIN_REQUIRES_CLINICAL_REVIEW,No relationship has been adjudicated from authoritative raw metadata and clinical evidence.,False,False,True,True,PENDING_OPENEVIDENCE_AND_CLINICAL_REVIEW,PROVISIONAL_PENDING_CLINICAL_REVIEW
ivc_diam,septal_thickness,septal_thickness,septal_thickness,UNKNOWN,UNCERTAIN_REQUIRES_CLINICAL_REVIEW,No relationship has been adjudicated from authoritative raw metadata and clinical evidence.,False,False,True,True,PENDING_OPENEVIDENCE_AND_CLINICAL_REVIEW,PROVISIONAL_PENDING_CLINICAL_REVIEW
ivc_diam,lvot_vti,lvot_vti,lvot_vti,UNKNOWN,UNCERTAIN_REQUIRES_CLINICAL_REVIEW,No relationship has been adjudicated from authoritative raw metadata and clinical evidence.,False,False,True,True,PENDING_OPENEVIDENCE_AND_CLINICAL_REVIEW,PROVISIONAL_PENDING_CLINICAL_REVIEW
ivc_diam,ascending_aorta_diameter,ascending_aorta_diameter,ascending_aorta_diameter,UNKNOWN,UNCERTAIN_REQUIRES_CLINICAL_REVIEW,No relationship has been adjudicated from authoritative raw metadata and clinical evidence.,False,False,True,True,PENDING_OPENEVIDENCE_AND_CLINICAL_REVIEW,PROVISIONAL_PENDING_CLINICAL_REVIEW
ivc_diam,rv_diam,rv_diam,rv_diam,UNKNOWN,SAME_REPORT_CORRELATE,Both fields are provisionally assigned to the rv_structure_function family; exact permissibility requires clinical review.,False,True,True,True,PROVISIONAL_FAMILY_TAXONOMY,PROVISIONAL_PENDING_CLINICAL_REVIEW
ivc_diam,lvot_diam,lvot_diam,lvot_diam,UNKNOWN,UNCERTAIN_REQUIRES_CLINICAL_REVIEW,No relationship has been adjudicated from authoritative raw metadata and clinical evidence.,False,False,True,True,PENDING_OPENEVIDENCE_AND_CLINICAL_REVIEW,PROVISIONAL_PENDING_CLINICAL_REVIEW
ivc_diam,mitral_e_velocity,mitral_e_velocity,mitral_e_velocity,UNKNOWN,UNCERTAIN_REQUIRES_CLINICAL_REVIEW,No relationship has been adjudicated from authoritative raw metadata and clinical evidence.,False,False,True,True,PENDING_OPENEVIDENCE_AND_CLINICAL_REVIEW,PROVISIONAL_PENDING_CLINICAL_REVIEW
ivc_diam,tricuspid_annular_plane_systolic_excursion,tricuspid_annular_plane_systolic_excursion,tricuspid_annular_plane_systolic_excursion,UNKNOWN,SAME_REPORT_CORRELATE,Both fields are provisionally assigned to the rv_structure_function family; exact permissibility requires clinical review.,False,True,True,True,PROVISIONAL_FAMILY_TAXONOMY,PROVISIONAL_PENDING_CLINICAL_REVIEW
ivc_diam,arch_diam,arch_diam,arch_diam,UNKNOWN,UNCERTAIN_REQUIRES_CLINICAL_REVIEW,No relationship has been adjudicated from authoritative raw metadata and clinical evidence.,False,False,True,True,PENDING_OPENEVIDENCE_AND_CLINICAL_REVIEW,PROVISIONAL_PENDING_CLINICAL_REVIEW
ivc_diam,resting_dbp,resting_dbp,resting_dbp,UNKNOWN,UNCERTAIN_REQUIRES_CLINICAL_REVIEW,No relationship has been adjudicated from authoritative raw metadata and clinical evidence.,False,False,True,True,PENDING_OPENEVIDENCE_AND_CLINICAL_REVIEW,PROVISIONAL_PENDING_CLINICAL_REVIEW
ivc_diam,resting_sbp,resting_sbp,resting_sbp,UNKNOWN,UNCERTAIN_REQUIRES_CLINICAL_REVIEW,No relationship has been adjudicated from authoritative raw metadata and clinical evidence.,False,False,True,True,PENDING_OPENEVIDENCE_AND_CLINICAL_REVIEW,PROVISIONAL_PENDING_CLINICAL_REVIEW
ivc_diam,ivc_diam,ivc_diam,ivc_diam,UNKNOWN,DIRECT_TARGET,Predictor canonical name equals the target canonical name.,False,False,True,True,SCHEMA_IDENTITY,CONFIRMED_SCHEMA_IDENTITY
ivc_diam,lat_e_prime,lat_e_prime,lat_e_prime,UNKNOWN,UNCERTAIN_REQUIRES_CLINICAL_REVIEW,No relationship has been adjudicated from authoritative raw metadata and clinical evidence.,False,False,True,True,PENDING_OPENEVIDENCE_AND_CLINICAL_REVIEW,PROVISIONAL_PENDING_CLINICAL_REVIEW
lat_e_prime,lvef,lvef,lvef,UNKNOWN,UNCERTAIN_REQUIRES_CLINICAL_REVIEW,No relationship has been adjudicated from authoritative raw metadata and clinical evidence.,False,False,True,True,PENDING_OPENEVIDENCE_AND_CLINICAL_REVIEW,PROVISIONAL_PENDING_CLINICAL_REVIEW
lat_e_prime,fs,fs,fs,UNKNOWN,UNCERTAIN_REQUIRES_CLINICAL_REVIEW,No relationship has been adjudicated from authoritative raw metadata and clinical evidence.,False,False,True,True,PENDING_OPENEVIDENCE_AND_CLINICAL_REVIEW,PROVISIONAL_PENDING_CLINICAL_REVIEW
lat_e_prime,tr_mmhg,tr_mmhg,tr_mmhg,UNKNOWN,UNCERTAIN_REQUIRES_CLINICAL_REVIEW,No relationship has been adjudicated from authoritative raw metadata and clinical evidence.,False,False,True,True,PENDING_OPENEVIDENCE_AND_CLINICAL_REVIEW,PROVISIONAL_PENDING_CLINICAL_REVIEW
lat_e_prime,tricuspid_regurgitant_peak_velocity,tricuspid_regurgitant_peak_velocity,tricuspid_regurgitant_peak_velocity,UNKNOWN,UNCERTAIN_REQUIRES_CLINICAL_REVIEW,No relationship has been adjudicated from authoritative raw metadata and clinical evidence.,False,False,True,True,PENDING_OPENEVIDENCE_AND_CLINICAL_REVIEW,PROVISIONAL_PENDING_CLINICAL_REVIEW
lat_e_prime,left_ventricular_end_systolic_diameter,left_ventricular_end_systolic_diameter,left_ventricular_end_systolic_diameter,UNKNOWN,UNCERTAIN_REQUIRES_CLINICAL_REVIEW,No relationship has been adjudicated from authoritative raw metadata and clinical evidence.,False,False,True,True,PENDING_OPENEVIDENCE_AND_CLINICAL_REVIEW,PROVISIONAL_PENDING_CLINICAL_REVIEW
lat_e_prime,left_ventricular_end_diastolic_diameter,left_ventricular_end_diastolic_diameter,left_ventricular_end_diastolic_diameter,UNKNOWN,UNCERTAIN_REQUIRES_CLINICAL_REVIEW,No relationship has been adjudicated from authoritative raw metadata and clinical evidence.,False,False,True,True,PENDING_OPENEVIDENCE_AND_CLINICAL_REVIEW,PROVISIONAL_PENDING_CLINICAL_REVIEW
lat_e_prime,body_surface_area,body_surface_area,body_surface_area,UNKNOWN,UNCERTAIN_REQUIRES_CLINICAL_REVIEW,No relationship has been adjudicated from authoritative raw metadata and clinical evidence.,False,False,True,True,PENDING_OPENEVIDENCE_AND_CLINICAL_REVIEW,PROVISIONAL_PENDING_CLINICAL_REVIEW
lat_e_prime,height_cm,height_cm,height_cm,UNKNOWN,UNCERTAIN_REQUIRES_CLINICAL_REVIEW,No relationship has been adjudicated from authoritative raw metadata and clinical evidence.,False,False,True,True,PENDING_OPENEVIDENCE_AND_CLINICAL_REVIEW,PROVISIONAL_PENDING_CLINICAL_REVIEW
lat_e_prime,av_pk_vel,av_pk_vel,av_pk_vel,UNKNOWN,UNCERTAIN_REQUIRES_CLINICAL_REVIEW,No relationship has been adjudicated from authoritative raw metadata and clinical evidence.,False,False,True,True,PENDING_OPENEVIDENCE_AND_CLINICAL_REVIEW,PROVISIONAL_PENDING_CLINICAL_REVIEW
lat_e_prime,sept_e_prime,sept_e_prime,sept_e_prime,UNKNOWN,SAME_REPORT_CORRELATE,Both fields are provisionally assigned to the mitral_diastolic family; exact permissibility requires clinical review.,False,True,True,True,PROVISIONAL_FAMILY_TAXONOMY,PROVISIONAL_PENDING_CLINICAL_REVIEW
lat_e_prime,la_4ch_length,la_4ch_length,la_4ch_length,UNKNOWN,UNCERTAIN_REQUIRES_CLINICAL_REVIEW,No relationship has been adjudicated from authoritative raw metadata and clinical evidence.,False,False,True,True,PENDING_OPENEVIDENCE_AND_CLINICAL_REVIEW,PROVISIONAL_PENDING_CLINICAL_REVIEW
lat_e_prime,ra_length,ra_length,ra_length,UNKNOWN,UNCERTAIN_REQUIRES_CLINICAL_REVIEW,No relationship has been adjudicated from authoritative raw metadata and clinical evidence.,False,False,True,True,PENDING_OPENEVIDENCE_AND_CLINICAL_REVIEW,PROVISIONAL_PENDING_CLINICAL_REVIEW
lat_e_prime,la_dimen,la_dimen,la_dimen,UNKNOWN,UNCERTAIN_REQUIRES_CLINICAL_REVIEW,No relationship has been adjudicated from authoritative raw metadata and clinical evidence.,False,False,True,True,PENDING_OPENEVIDENCE_AND_CLINICAL_REVIEW,PROVISIONAL_PENDING_CLINICAL_REVIEW
lat_e_prime,sinus_diam,sinus_diam,sinus_diam,UNKNOWN,UNCERTAIN_REQUIRES_CLINICAL_REVIEW,No relationship has been adjudicated from authoritative raw metadata and clinical evidence.,False,False,True,True,PENDING_OPENEVIDENCE_AND_CLINICAL_REVIEW,PROVISIONAL_PENDING_CLINICAL_REVIEW
lat_e_prime,resting_hr,resting_hr,resting_hr,UNKNOWN,UNCERTAIN_REQUIRES_CLINICAL_REVIEW,No relationship has been adjudicated from authoritative raw metadata and clinical evidence.,False,False,True,True,PENDING_OPENEVIDENCE_AND_CLINICAL_REVIEW,PROVISIONAL_PENDING_CLINICAL_REVIEW
lat_e_prime,inf_lat_thickness,inf_lat_thickness,inf_lat_thickness,UNKNOWN,UNCERTAIN_REQUIRES_CLINICAL_REVIEW,No relationship has been adjudicated from authoritative raw metadata and clinical evidence.,False,False,True,True,PENDING_OPENEVIDENCE_AND_CLINICAL_REVIEW,PROVISIONAL_PENDING_CLINICAL_REVIEW
lat_e_prime,mv_peak_a,mv_peak_a,mv_peak_a,UNKNOWN,SAME_REPORT_CORRELATE,Both fields are provisionally assigned to the mitral_diastolic family; exact permissibility requires clinical review.,False,True,True,True,PROVISIONAL_FAMILY_TAXONOMY,PROVISIONAL_PENDING_CLINICAL_REVIEW
lat_e_prime,mv_peak_e,mv_peak_e,mv_peak_e,UNKNOWN,SAME_REPORT_CORRELATE,Both fields are provisionally assigned to the mitral_diastolic family; exact permissibility requires clinical review.,False,True,True,True,PROVISIONAL_FAMILY_TAXONOMY,PROVISIONAL_PENDING_CLINICAL_REVIEW
lat_e_prime,septal_thickness,septal_thickness,septal_thickness,UNKNOWN,UNCERTAIN_REQUIRES_CLINICAL_REVIEW,No relationship has been adjudicated from authoritative raw metadata and clinical evidence.,False,False,True,True,PENDING_OPENEVIDENCE_AND_CLINICAL_REVIEW,PROVISIONAL_PENDING_CLINICAL_REVIEW
lat_e_prime,lvot_vti,lvot_vti,lvot_vti,UNKNOWN,UNCERTAIN_REQUIRES_CLINICAL_REVIEW,No relationship has been adjudicated from authoritative raw metadata and clinical evidence.,False,False,True,True,PENDING_OPENEVIDENCE_AND_CLINICAL_REVIEW,PROVISIONAL_PENDING_CLINICAL_REVIEW
lat_e_prime,ascending_aorta_diameter,ascending_aorta_diameter,ascending_aorta_diameter,UNKNOWN,UNCERTAIN_REQUIRES_CLINICAL_REVIEW,No relationship has been adjudicated from authoritative raw metadata and clinical evidence.,False,False,True,True,PENDING_OPENEVIDENCE_AND_CLINICAL_REVIEW,PROVISIONAL_PENDING_CLINICAL_REVIEW
lat_e_prime,rv_diam,rv_diam,rv_diam,UNKNOWN,UNCERTAIN_REQUIRES_CLINICAL_REVIEW,No relationship has been adjudicated from authoritative raw metadata and clinical evidence.,False,False,True,True,PENDING_OPENEVIDENCE_AND_CLINICAL_REVIEW,PROVISIONAL_PENDING_CLINICAL_REVIEW
lat_e_prime,lvot_diam,lvot_diam,lvot_diam,UNKNOWN,UNCERTAIN_REQUIRES_CLINICAL_REVIEW,No relationship has been adjudicated from authoritative raw metadata and clinical evidence.,False,False,True,True,PENDING_OPENEVIDENCE_AND_CLINICAL_REVIEW,PROVISIONAL_PENDING_CLINICAL_REVIEW
lat_e_prime,mitral_e_velocity,mitral_e_velocity,mitral_e_velocity,UNKNOWN,SAME_REPORT_CORRELATE,Both fields are provisionally assigned to the mitral_diastolic family; exact permissibility requires clinical review.,False,True,True,True,PROVISIONAL_FAMILY_TAXONOMY,PROVISIONAL_PENDING_CLINICAL_REVIEW
lat_e_prime,tricuspid_annular_plane_systolic_excursion,tricuspid_annular_plane_systolic_excursion,tricuspid_annular_plane_systolic_excursion,UNKNOWN,UNCERTAIN_REQUIRES_CLINICAL_REVIEW,No relationship has been adjudicated from authoritative raw metadata and clinical evidence.,False,False,True,True,PENDING_OPENEVIDENCE_AND_CLINICAL_REVIEW,PROVISIONAL_PENDING_CLINICAL_REVIEW
lat_e_prime,arch_diam,arch_diam,arch_diam,UNKNOWN,UNCERTAIN_REQUIRES_CLINICAL_REVIEW,No relationship has been adjudicated from authoritative raw metadata and clinical evidence.,False,False,True,True,PENDING_OPENEVIDENCE_AND_CLINICAL_REVIEW,PROVISIONAL_PENDING_CLINICAL_REVIEW
lat_e_prime,resting_dbp,resting_dbp,resting_dbp,UNKNOWN,UNCERTAIN_REQUIRES_CLINICAL_REVIEW,No relationship has been adjudicated from authoritative raw metadata and clinical evidence.,False,False,True,True,PENDING_OPENEVIDENCE_AND_CLINICAL_REVIEW,PROVISIONAL_PENDING_CLINICAL_REVIEW
lat_e_prime,resting_sbp,resting_sbp,resting_sbp,UNKNOWN,UNCERTAIN_REQUIRES_CLINICAL_REVIEW,No relationship has been adjudicated from authoritative raw metadata and clinical evidence.,False,False,True,True,PENDING_OPENEVIDENCE_AND_CLINICAL_REVIEW,PROVISIONAL_PENDING_CLINICAL_REVIEW
lat_e_prime,ivc_diam,ivc_diam,ivc_diam,UNKNOWN,UNCERTAIN_REQUIRES_CLINICAL_REVIEW,No relationship has been adjudicated from authoritative raw metadata and clinical evidence.,False,False,True,True,PENDING_OPENEVIDENCE_AND_CLINICAL_REVIEW,PROVISIONAL_PENDING_CLINICAL_REVIEW
lat_e_prime,lat_e_prime,lat_e_prime,lat_e_prime,UNKNOWN,DIRECT_TARGET,Predictor canonical name equals the target canonical name.,False,False,True,True,SCHEMA_IDENTITY,CONFIRMED_SCHEMA_IDENTITY
