modality,tasks_scored,mean_r2,median_r2,mean_mae_norm_iqr
vision,29,0.3196394813471827,0.35787010192871094,0.49531902332333877
tabular,29,0.43849176990574806,0.3920081853866577,0.4191308732583908
fusion,29,0.4885591247986103,0.5575881004333496,0.39732382377361763
