experiment,test_n,test_auc,test_r2,test_mae,delta_auc_vs_e2b,delta_r2_vs_e2b,delta_mae_vs_e2b
E2b vision-only,426,0.9580582232893157,0.6126729846000671,5.676061630249023,0.0,0.0,0.0
E3 tabular-only,426,0.9152911164465786,0.43829071521759033,6.684192657470703,-0.0427671068427371,-0.1743822693824768,1.0081310272216797
E5 fusion (concat+linear),426,0.9618097238895559,0.6615248918533325,5.393465518951416,0.0037515006002402096,0.04885190725326538,-0.2825961112976074
